"Business Name","Website","Phone","Redeem Type"
"& Other Stories","https://www2.hm.com/hw_il/ladies/brands/stories.html","073-3200500","In-store"
"&GOLF","http://www.golfco.co.il/","03-6451515","In-store"
"#אימונוי","https://www.imunoy.com/","0524529478","In-store"
"2BREAK","http://www.2break.co.il","073-7083012","In-store"
"3030","https://www.spa3030.com/he/","054-5953033","In-store"
"360 - עולם של חדשנות","https://www.threesixty.co.il/?srsltid=AfmBOophIWgdEDX-R8z8XY4BuchhRBZHUOt9ksCJ70JcR7rQQeWRm6jY/?utm_source=buyme&utm_medium=referral&utm_campaign=buyme_website_referral","035237212","In-store"
"417","https://417skincare.co.il/?utm_source=buyme&utm_medium=referral&utm_campaign=buyme_website_referral","03-6774449","Online"
"4Chef","http://www.4chef.co.il?utm_source=buyme&utm_medium=referral&utm_campaign=buyme_website_referral","08-9110900","Online"
"6 במאי","http://www.6inmay.co.il/","072-2410551","In-store"
"7TO1 Lab","https://7to1lab.com/","03-6700112","In-store"
"אבא חטוב ואמא חטובה","https://leptin4life.com/?utm_source=buyme&utm_medium=referral&utm_campaign=buyme_website_referral","058-660-0303","Online"
"אביטליטי","http://www.avitality.co.il/","0544317255","In-store"
"אבני אהוה","https://ahavastones.co.il/?utm_source=&utm_medium=&utm_campaign=","052-8617615","Online"
"אגאדיר","https://agadir.co.il/?utm_source=buyme&utm_medium=referral&utm_campaign=buyme_website_referral","*5690","Online"
"אגם","https://agambooks.com/?utm_source=buyme&utm_medium=referral&utm_campaign=buyme_website_referral","03-7576523","Online"
"אדון קרלוס","https://www.adoncarlos.co.il/","055-9818778","In-store"
"אוליאה | Olea","https://olea-israel.com/","053-3650028","In-store"
"אוליברי","http://www.olivery.co.il","03-5446076","In-store"
"אולפני לירון","https://www.liron-music.com/?utm_source=buyme&utm_medium=referral&utm_campaign=buyme_website_referral","0737538880","In-store"
"אומנות המגע במים","http://www.watsu-israel.co.il/","054-9799022","In-store"
"אופטיקה הלפרין","https://optica-halperin.com/?utm_source=buyme&utm_medium=referral&utm_campaign=buyme_website_referral","03-6150300","Online"
"אופטיקנה","https://www.opticana.co.il/?utm_source=buyme&utm_medium=referral&utm_campaign=buyme_website_referral","6618*","In-store"
"אופנוסנטר","https://ofnocenter.co.il/?utm_source=buyme&utm_medium=referral&utm_campaign=buyme_website_referral","0549793930","Online"
"אופק חדש","https://www.newhorizon.co.il/?utm_source=buyme&utm_medium=referral&utm_campaign=buyme_website_referral","1-700-70-2009","Online"
"אורדמן","https://www.ordman.co.il/?utm_source=buyme&utm_medium=referral&utm_campaign=buyme_website_referral","1-700-501039","Online"
"אוריה עזרן","https://oriaazran.com/?utm_source=buyme&utm_medium=referral&utm_campaign=buyme_website_referral","053-4709916","Online"
"אורן משי","https://www.orenmeshi.co.il/?utm_source=&utm_medium=&utm_campaign=","08-6727171","In-store"
"אושי אושי חיפה","https://oshioshi.co.il/","*6054","In-store"
"אות והדר תשמישי קדושה","https://otvehadar.com/?utm_source=buyme&utm_medium=referral&utm_campaign=buyme_website_referral","098878770","Online"
"אחוזת הספא","https://hotel-spa.co.il/","08-9478800","In-store"
"אחוזת ספא קיסר- קיסריה","http://www.spa-pro.co.il/","04-6266669","In-store"
"איטלקיה בפשפשים","http://italkiya.co.il/","051-5531525","In-store"
"אילוף בנועם",""," 0547996844","In-store"
"אינטימה","http://www.golfco.co.il/","03-6451515","In-store"
"איסתא אקטיב מבית איסתא ספורט","https://bike.isstasport.co.il?utm_source=buyme&utm_medium=referral&utm_campaign=buyme_website_referral","03-7777265","In-store"
"איריסקו עגלת קפה","https://coffeetrail.co.il/?utm_source=buyme&utm_medium=referral&utm_campaign=buyme_website_referral","050-487-8754","In-store"
"איש הענבים","https://grape-man.com/","03-5180533","In-store"
"אלון ענבל- כלבים לחיים","","054-7919960","In-store"
"אלוף ספורט","https://www.alufsport.co.il/?utm_source=buyme&utm_medium=referral&utm_campaign=buyme_website_referral","08-9336658","Online"
"אלי היבש","https://www.elihubsch.com/jewelry-workshops","054-8009606","In-store"
"אליטל","https://elital.co.il/?utm_source=buyme&utm_medium=referral&utm_campaign=buyme_website_referral","1-700-70-50-40","Online"
"אליסיום עולם בריא לתינוקות","http://www.elysium-baby.com/","02-5420520","In-store"
"אלן קאר- מוציאים את הסיגריה מהראש","https://www.allencarr.co.il/","052-6285072","In-store"
"אלנתן תכשיטים","https://liaelnatan.com/","0543259070","In-store"
"אנו","http://www.anumuseum.org.il","035008080","In-store"
"אנסטסיה","https://www.anastasiatlv.co.il/","03-5290095","In-store"
"אנשי הזית- מוצרי פרימיום","http://www.oppl.co.il/?utm_source=buyme&utm_medium=referral&utm_campaign=buyme_website_referral","08-9921299","In-store"
"אסטלה","https://www.estella.co.il/","051-5225475","In-store"
"אסטרל אילת","https://www.astralhotels.co.il/","08-6388848","In-store"
"אקסקלוסיב ריקודים","https://www.rondodance.co.il/","0503025568","In-store"
"ארגז מהכפר","https://argazkfar.com/?utm_source=buyme&utm_medium=referral&utm_campaign=buyme_website_referral","052-3989933","Online"
"ארטפון","https://artp.co.il/","058-7405874","In-store"
"אריסטו שמט","http://www.aristo-shmat.co.il/","03-5188518","In-store"
"אריק לבנת","http://www.arik-livnat.com/","052-8908822","In-store"
"ארמאנני ספא","https://www.armanni.co.il/","08-6353542","In-store"
"ארקיע","https://www.arkia.co.il/he?utm_source=buyme&utm_medium=referral&utm_campaign=buyme_website_referral","*5758","Online"
"אשכר מטפחות לדתיות","https://www.eshkar.shop/?utm_source=buyme&utm_medium=referral&utm_campaign=buyme_website_referral","055-3055618","Online"
"את","https://at4u.co.il/","1-800-200-234","In-store"
"בא מאהבה","https://simplylove.com/","050-2488842","In-store"
"באולינג 7","http://bowling7.co.il/","08-6232263","In-store"
"באלגן","http://ba-lagan.co.il/","04-9848989","In-store"
"באשר פרומוז'רי","https://www.basher.co.il/","5906*","In-store"
"בון סטריט","https://bone-street.com/?utm_source=buyme&utm_medium=referral&utm_campaign=buyme_website_referral","035500300","Online"
"בוניטה דה מאס","https://www.bonitademas.co.il/?utm_source=buyme&utm_medium=referral&utm_campaign=buyme_website_referral","08-9330568","Online"
"בועז שטיין","https://www.boaz-stein.com/?utm_source=buyme&utm_medium=referral&utm_campaign=buyme_website_referral","054-3152525","Online"
"בוקא","http://www.bhuka-tours.com","053-3903431","In-store"
"בורגראנץ'","https://app.burgeranch.co.il/?utm_source=buyme&utm_medium=referral&utm_campaign=buyme_website_referral"," 6575*","In-store"
"בטבע של בני - בצל התאנה","https://www.bennys-nature.com/","052-6124683","In-store"
"בטן מלאה","https://betenmelea.com/product/tlv/","055-9378595 וואטסאפ","In-store"
"ביאנקה","https://bianca-eilat.com/?utm_source=buyme&utm_medium=referral&utm_campaign=buyme_website_referral","0779800422","In-store"
"ביג אלקטריק","https://bigelectric.co.il/","6387*","In-store"
"ביג גרף","https://www.big-graf.co.il/","03-6967066","In-store"
"בייבי בוס טקסטיל","https://babybosstextile.co.il/?utm_source=buyme&utm_medium=referral&utm_campaign=buyme_website_referral","052-6903555","Online"
"בייבי טבע","https://babyteva.co.il/?utm_source=buyme&utm_medium=referral&utm_campaign=buyme_website_referral","03-5290910","In-store"
"בייבי ליס","https://www.babylis.co.il/","03-777-0003","In-store"
"בייבי שירי- פשוט להתפתח בכיף","http://baby-shiri.com","0526409087","In-store"
"בייביסטפס","https://baby-steps.co.il/?utm_source=&utm_medium=&utm_campaign=","+972523668165","In-store"
"ביצ'יקלטה","http://biciclettatlv.co.il/?fbclid=IwAR0rIMiHzXjf8Ry08FBmfUPjylonc6581pTcTtK-A9qAwPn_4BgF8FH-jSo","03-6433097","In-store"
"בירה אלכסנדר","http://alexander-beer.co.il/?page_id=71","074-7034094","In-store"
"בירה קלוצמן","https://www.klotsmanbeer.com/","052-9550514","In-store"
"בירליך","https://beerlich.com/","054-2179524","Online"
"בית המלאכה לקדרות","","0546533483","In-store"
"בית הספר - W","https://www.w-school.co.il/","072-395-1157","In-store"
"בית הרמזים","https://clues.world/?utm_source=buyme&utm_medium=referral&utm_campaign=buyme_website_referral","0544716134","Online"
"בית השנטי","https://shanti.org.il/","03-5103339","In-store"
"בית חנה","https://www.facebook.com/beithanna/","51-559-3721⁩0","In-store"
"בית לאמנות ישראלית","https://israeliart.co.il/","052-6460880","In-store"
"בית קנדינוף","https://kandinof.co.il/","03-6502938","In-store"
"ביתא קפה","https://www.betacaffe.co.il/","057-9443009","In-store"
"בל בוי ובטלר","https://bellboytlv.com/","03-7289213","In-store"
"בלו בנדנה","https://bluebandana.co.il/?utm_source=buyme&utm_medium=referral&utm_campaign=buyme_website_referral","03-6021686","Online"
"בן אביטל מאלף כלבים","https://linktr.ee/bendog?utm_source=ig&utm_medium=social&utm_content=link_in_bio&fbclid=PAZXh0bgNhZW0CMTEAc3J0YwZhcHBfaWQPOTM2NjE5NzQzMzkyNDU5AAGnqoAT0EkzTjD2XebP6mIE_ucs-LkDskuvzIpl40JyrBco_h_q8mEiZTlo9HM/?utm_source=buyme&utm_medium=referral&utm_campaign=buyme_website_referral_aem_t3DHTuuNAKUxBrQFqWHFjQ","0547595731","In-store"
"בן רוד","https://www.ben-rod.com/main?utm_source=google&utm_medium=cpc&utm_campaign=19929730018&utm_term=%D7%90%D7%9E%D7%9F%20%D7%97%D7%95%D7%A9%D7%99%D7%9D&utm_content=653686474795&gad_source=1&gad_campaignid=19929730018&gbraid=0AAAAAo7IO3jO1etM_USVCQcE1R6FF2g1w&gclid=CjwKCAiAwqHIBhAEEiwAx9cTedso4a6qT334uz7vPahGKHGKMuhPuOko_2TXVoe54xmGtp6ybIaPQxoCHFIQAvD_BwE","052-4814990","In-store"
"בקתה בלבן","https://biktabelavan.com//?utm_source=buyme&utm_medium=referral&utm_campaign=buyme_website_referral","050-4891665","In-store"
"בר איטליה","https://baritalia.co.il/?utm_source=buyme&utm_medium=referral&utm_campaign=buyme_website_referral","09-7421113","Online"
"בר שר המשקאות","https://www.mashkaot.co.il/?utm_source=buyme&utm_medium=referral&utm_campaign=buyme_website_referral","054-9271600","In-store"
"ברא צמחים","https://bara.co.il/","04-9899051","In-store"
"בש גל","https://www.bashgal.co.il/?utm_source=buyme&utm_medium=referral&utm_campaign=buyme_website_referral","03-6156700","Online"
"ג'אסט מיוזיק","https://www.justmusic.co.il/","oz@justmusic.co.il","In-store"
"ג'ונגל","https://www.jungle-club.co.il/","03-6096626","In-store"
"ג'קו סטריט","http://www.rol.co.il/sites/jackos-street/","02-5817178","In-store"
"גבינות ברמות","http://www.gvinotberamot.co.il/?utm_source=buyme&utm_medium=referral&utm_campaign=buyme_website_referral","054-4901992","Online"
"גוז' ודניאל - ביסטרו בכפר","https://goujeanddaniel.co.il/?utm_source=buyme&utm_medium=referral&utm_campaign=buyme_website_referral","09-7714122","In-store"
"גורדון פדגוגיה חדשנית","https://gordon-hub.com/?utm_source=buyme&utm_medium=referral&utm_campaign=buyme_website_referral","04-8590135","Online"
"גורו זוזו","https://www.guruzuzu.com/","0524423511","In-store"
"גורילה","https://ontopo.com/he/il/page/42058107","0774101422","In-store"
"גיגסי","https://giggsi.co.il/","08-6109109","In-store"
"גיל לוין","http://www.gillevene.co.il/","054-6446545","In-store"
"גיליגולי","https://giliguli.co.il/","0549337312","In-store"
"גל שוקרון","http://www.fashiontours.co.il","050-9163033","In-store"
"גלביה","https://www.gallabia.com/","052-3921938","In-store"
"גליאנו","https://www.galliano-tlv.co.il/","054-4704555","In-store"
"גלידריית פינגוין","https://pingwin-icecream.co.il/","09-9539494","In-store"
"גליליס","http://galilees.co.il/?utm_source=&utm_medium=&utm_campaign=","054-764-1515","In-store"
"גלים","http://www.galimsurf.com/","03-5175557","In-store"
"גלית ניניו","http://www.galitninio.com/","054-3332830","In-store"
"גלמפינג מיא","https://myacamp.co.il/","04-6656555","In-store"
"גלריית פחות מאלף","http://www.under1000.co.il/","03-6526061","In-store"
"גן סטודיו","https://gan-studio.co.il/?utm_source=buyme&utm_medium=referral&utm_campaign=buyme_website_referral","0555611668","Online"
"גסטון סטייק האוס","http://www.gaston-sh.co.il/","08-9265775","In-store"
"גראנד קפה","https://www.grand-cafe.co.il","02-5702702","In-store"
"גרג קיטשן","https://gregcafe.co.il/greg-group/kitchen//?utm_source=buyme&utm_medium=referral&utm_campaign=buyme_website_referral","1-700-70-44-07","In-store"
"גרין רול סושי","https://thegreenroll.co.il/","03-5245713","In-store"
"גרפוס","https://www.graphos.co.il/?utm_source=buyme&utm_medium=referral&utm_campaign=buyme_website_referral","0558578507","In-store"
"גרקו והמעדניה היוונית של גרקו","http://www.greco.co.il/?utm_source=buyme&utm_medium=referral&utm_campaign=buyme_website_referral","03-7411022","Online"
"ד""ר גב","https://www.dr-gav.co.il/?utm_source=buyme&utm_medium=referral&utm_campaign=buyme_website_referral","039533111","Online"
"דאיה גסטהאוס","https://www.dayaguesthouse.com/","0522160112","In-store"
"דביר טרקטורונים מעופפים","http://dvirparagliding.co.il/","054-6554477","In-store"
"דה קרינה שוקולד","https://www.de-karina.co.il/","04-699-3629","In-store"
"דוניה רוסה","http://www.donarosa.co.il/","053-9345520","In-store"
"דורית בירמן","https://doritbirman.co.il/","0549225842","In-store"
"דיאדה","http://www.dyada.co.il/","050-6441081","In-store"
"דיזנגוף 223","https://www.223.co.il/","073-3745760","In-store"
"דייויס ואודי","http://www.davisbitton.com/","03-5449734","In-store"
"דלי אלהמברה","https://www.delialhambra.com/","052-3255370","In-store"
"דנדי","https://dandi.co.il//?utm_source=buyme&utm_medium=referral&utm_campaign=buyme_website_referral","09-8951919","In-store"
"דנה אשכנזי","https://www.danaashkenazi.com/?utm_source=buyme&utm_medium=referral&utm_campaign=buyme_website_referral","0544242509","Online"
"דנה ישראלי","https://danad.co.il/","050-2904372","In-store"
"דני בוי","https://daniboy.co.il/?utm_source=buyme&utm_medium=referral&utm_campaign=buyme_website_referral","0545350197","Online"
"דניאלה להבי","https://daniellalehavi.co.il/?utm_source=buyme&utm_medium=referral&utm_campaign=buyme_website_referral","054-2224773","Online"
"דנית השכרת יאכטות","http://www.danit.co.il","052-3400128","In-store"
"דריה","https://www.daryatlv.com/","03-5202127","In-store"
"דריה ספא נתניה","https://argamanspa.co.il/ ","052-9707703","In-store"
"דרך היין","https://www.wineroute.co.il/?utm_source=buyme&utm_medium=referral&utm_campaign=buyme_website_referral","8066*","In-store"
"האופרה הישראלית","http://www.israel-opera.co.il/","03-6927777","In-store"
"האקדמיה לפירות","https://www.perot4u.co.il/","03-5371854","In-store"
"האתר הסודי לשמלות מסתובבות","https://twirldress.co.il/?utm_source=buyme&utm_medium=referral&utm_campaign=buyme_website_referral","03-3737117","Online"
"הבית בלימן","https://habait-beliman.co.il/","052-8872872","In-store"
"הבית של גיליגולי","https://giliguli.co.il/house-of-gili-guli//?utm_source=buyme&utm_medium=referral&utm_campaign=buyme_website_referral","0544282529","In-store"
"הגפן","","0586609025","In-store"
"הדבש של עידו","https://www.ido-honey.co.il/","0523622620","In-store"
"הדרא","https://www.hadara.biz/?utm_source=buyme&utm_medium=referral&utm_campaign=buyme_website_referral","052-4651507","Online"
"הדרומית","https://hadromit.papa-group.co.il/ ","050-3133285","In-store"
"הדרכות ""מחוברים בלב""","http://www.kochava.co.il/","054-4246480","In-store"
"הודיה טיבר","https://hodayataiber.com/","058-6643833","In-store"
"הולה","http://www.hula.co.il/","03-7321640","In-store"
"הזקן והיין","https://www.oldmanwine.co.il/?utm_source=buyme&utm_medium=referral&utm_campaign=buyme_website_referral","052-3689671","In-store"
"החיות של דודו","https://www.dodos-animals.com/","054-9171105","In-store"
"החנות הורודה","https://www.brazilianswimwear.co.il/page/%D7%A8%D7%90%D7%A9%D7%99","050-7925264","In-store"
"הטרקלין","http://www.hatraklin.co.il/","03-5660013","In-store"
"היכל הקרח חולון","http://icepeaks.co.il/","03-5323008","In-store"
"היכל התרבות - איירפורט סיטי","http://www.heichal-hm.co.il/index.php","03-7230000","In-store"
"היכל התרבות אשקלון","https://www.htash.co.il/","08-6718777","In-store"
"הילולה","https://www.hillula.co.il/?utm_source=buyme&utm_medium=referral&utm_campaign=buyme_website_referral","0549044460","Online"
"המדריך לתיכוניסט - ליאל אלי","https://lieleli.co.il/?utm_source=buyme&utm_medium=referral&utm_campaign=buyme_website_referral","0549970555","Online"
"המחסן","https://www.hamahsan.shop/","0502545338","In-store"
"המטבח","https://www.hamitbach-online.co.il/","054-6691133","In-store"
"המלביה","https://www.hamalabiya.co.il/","03-5339343","In-store"
"הממלכה","http://thekingdom.co.il/","09-8946404","In-store"
"המעדניה היוונית של גרקו","https://www.greco.co.il/deli?utm_source=buyme&utm_medium=referral&utm_campaign=buyme_website_referral","03-7411022","In-store"
"המעשנה","http://www.hamaashena.co.il/","09-8945118","In-store"
"המרכז למיינדפולנס","https://mfn.co.il/?gclid=EAIaIQobChMIjIuk5ovj3wIVGM53Ch2H_QN8EAAYASAAEgLkwfD_BwE","072-3954444","In-store"
"המתססה","https://www.hamatsesa.com/home","טלפון 02-6235815 או 054-3903099","In-store"
"הנחלה ברמות","https://www.hanahala.co/","052-3780371","In-store"
"הסוד","https://www.hasod-wine.co.il/","0586609025","In-store"
"הסושיה","https://hasushia.com/?utm_source=buyme&utm_medium=referral&utm_campaign=buyme_website_referral","9969*","In-store"
"הסטודיו לבישול","https://www.bishulon.co.il/?utm_source=buyme&utm_medium=referral&utm_campaign=buyme_website_referral","03-303-8111","In-store"
"הספא במלון פרא","https://pereh.co.il/spa/","077-3641004","In-store"
"הספר הכחול","https://bluebook.co.il/?utm_source=&utm_medium=&utm_campaign=","073-3746825","In-store"
"העץ של יאשה","https://yashas-wood.co.il/?utm_source=buyme&utm_medium=referral&utm_campaign=buyme_website_referral","052-3917777","Online"
"הצוללת הצהובה","http://yellowsubmarine.org.il/","02-6794040","In-store"
"הצנחניה","http://www.sky-jump.co.il/","073-224-8386","In-store"
"הקונדיטוריה של גל","https://www.galsbakery.co.il/?utm_source=buyme&utm_medium=referral&utm_campaign=buyme_website_referral","04-8382928","Online"
"הקמפוס הדיגיטלי","https://www.askpavel.co.il/campus?utm_source=buyme&utm_medium=referral&utm_campaign=buyme_website_referral","054-2121120","Online"
"הקתדרה- מפגשים מהסוג האינטלקטואלי","https://www.katedra.co.il/","5288*","In-store"
"הראל קולדן- קורס לניהול כסף חכם","https://koldanh.school/?utm_source=buyme&utm_medium=referral&utm_campaign=buyme_website_referral","0543977417","Online"
"הרצאות מהכורסא","https://lecturesonline.co.il/","050-5630220","In-store"
"הרצל","https://www.facebook.com/hertzl.bar/?rf=129866770407317","08-9461448","In-store"
"השטיח האדום","https://www.carpetshop.co.il/?utm_source=buyme&utm_medium=referral&utm_campaign=buyme_website_referral","3076*","Online"
"השף היושב","https://www.thesittingchef.co.il","054-7553333","In-store"
"התאילנדית בסמטת סיני","https://www.facebook.com/pg/thaiharsinai/about/?ref=page_internal","054-201-7132","In-store"
"התרבוש","https://www.tarbush.org/","03-5106076","In-store"
"התרנגול הכחול","https://thebluerooster.co.il/?utm_source=buyme&utm_medium=referral&utm_campaign=buyme_website_referral","03-544-3349","In-store"
"ואהבת","http://www.ve-ahavta.co.il/","039044409","In-store"
"וואלי","http://www.walli.co.il/","072-2497498","In-store"
"וילה בכפר למרגלות הגלבוע","https://www.facebook.com/villabakfar","052-2661262","In-store"
"ויצק","https://www.weizac.co.il/?utm_source=buyme&utm_medium=referral&utm_campaign=buyme_website_referral","077-6091796","In-store"
"וניה ביסטרו","http://venya-bistro.co.il/","04-6716272","In-store"
"זאוספא רמת גן","https://www.zeuspa.co.il/","03-6092017","In-store"
"זה סושי בזל - תל-אביב","http://www.zesushi.co.il/","1700-70-89-89","In-store"
"זוטא","https://zutadelli.com/?utm_source=buyme&utm_medium=referral&utm_campaign=buyme_website_referral","054-5877500","Online"
"זיסל'ה","http://www.zicale.co.il/","052-6620666","In-store"
"זמארין","https://www.zamarin.co.il/","077-6141620","In-store"
"זמן ערבה","https://zmanarava.co.il/","050-9804545","In-store"
"זמן צעצוע","http://www.toys-museum.com/?utm_source=buyme","0509512312","In-store"
"חבל ארץ טיולים","https://hevel-eretz.co.il/","053-4595940","In-store"
"חברת אופקים תיירות נופש","https://www.ofakim.co.il/?utm_source=buyme&utm_medium=referral&utm_campaign=buyme_website_referral","037622400","In-store"
"חגית טסה","https://hagitassa.com/?utm_source=buyme&utm_medium=referral&utm_campaign=buyme_website_referral","050-5678211","Online"
"חוות צהלה","https://www.zahalafarm.co.il/","0556626773","In-store"
"חוות צוק- המסעדה","https://www.zuk-farm.co.il/","077-5155905","In-store"
"חוות רום","https://havatrom.co.il/","052-4457777","In-store"
"חוותות גבעת עדה","https://havatut.co.il/","055-9277729","In-store"
"חלי ממן","https://www.heli-group.co.il/","1-700-507-508","In-store"
"חמדתיה","http://hemdatya.co.il","04-6765550","In-store"
"חן במטבח","https://book.heninthekitchen.com/?utm_source=buyme&utm_medium=referral&utm_campaign=buyme_website_referral","0504444577","Online"
"חנות - משקפיים","","03-5402171","In-store"
"חנות בוטיק AYO","https://thisisayo.com/?utm_source=buyme&utm_medium=referral&utm_campaign=buyme_website_referral","054-6988699","Online"
"חנות האוהדים של מכבי תל אביב","https://shop.maccabi.co.il/?utm_source=buyme&utm_medium=referral&utm_campaign=buyme_website_referral","052-2187886","Online"
"חניות פיזיות : TERMINAL X","https://www.terminalx.com/women","03-7130000","In-store"
"חשמל נטו","http://www.netoneto.co.il/?utm_source=buyme&utm_medium=referral&utm_campaign=buyme_website_referral","1-599-50-50-66","In-store"
"טאטי ביסטרו","https://tatti-bistro.co.il/","03-5392500","In-store"
"טבע נאות","http://www.tevanaot.co.il/?utm_source=buyme&utm_medium=referral&utm_campaign=buyme_website_referral","0732120156","Online"
"טוהר קליינר","https://www.tohar-watertherapy.com/","050-8872006","In-store"
"טומוקה","https://www.tomoka.co.il/","054-9125524","In-store"
"טיטניום","https://www.titanium-suitcases.co.il/?utm_source=buyme&utm_medium=referral&utm_campaign=buyme_website_referral","054-3000918","Online"
"טיליה","http://www.tilia.co.il/","072-2500493","In-store"
"טלי רוקני","http://www.talirokni.co.il/","0522220170","In-store"
"טלי שמחי","","50-753-2201⁩0","In-store"
"טעימים","https://www.teimim.com/?utm_source=buyme&utm_medium=referral&utm_campaign=buyme_website_referral","054-3422229","Online"
"טרקטורוני עמק חפר","https://www.traktoronim.com/","050-7733335","In-store"
"טרקלין חשמל","https://www.traklin.co.il/","3383*","In-store"
"יאלהרנט-הבית שלכם לחופשה","http://www.yalarent.com/","077-9920280","In-store"
"יאסו","https://yassou.co.il/","03-603-1719","In-store"
"יהלומי הבורסה","https://www.diamondbourse.co.il/?utm_source=buyme&utm_medium=referral&utm_campaign=buyme_website_referral","9744*","Online"
"יוגה צחוק","http://www.so-funny.co.il/","050-2867199","In-store"
"יוגה שאלה יפו","https://www.yogajaffa.com/?gclid=CjwKCAjww_iwBhApEiwAuG6ccPSe79MVxKpHcoU4yOlrL4dPQI3fJKBrW2wQ_lXPN9jRE4eLW7179xoCOywQAvD_BwE","054-7543030","In-store"
"יין בכרם","https://www.facebook.com/wine.bakarem/","054-5879300","In-store"
"ימה גלילות של שף יובל בן נריה","https://yamaonline.co.il/?utm_source=buyme&utm_medium=referral&utm_campaign=buyme_website_referral","077-3034149","In-store"
"ימה קצבית דגים של שף יובל בן נריה","https://yamaonline.co.il/?utm_source=buyme&utm_medium=referral&utm_campaign=buyme_website_referral","050-777-4779","In-store"
"יקב אלבר","https://alberwinery.com/","052-5104449","In-store"
"יקב אסף","http://www.assafwinery.com/","054-3915552","In-store"
"יקב בזלת","https://www.bazelet-hagolan.com/","04-6965010","In-store"
"יקב בזק","https://www.bazakwinery.com/","054-6306773","In-store"
"יקב בן זמרה","https://www.benzimrawinery.com/?utm_source=buyme&utm_medium=referral&utm_campaign=buyme_website_referral","055-5570829","Online"
"יקב בן חיים","https://www.benhaim.co.il/","03-534-6748","In-store"
"יקב גוש עציון","https://gushetzion-winery.co.il/","0508911136","In-store"
"יקב דרימיה","https://drimia-winery.com/?utm_source=buyme&utm_medium=referral&utm_campaign=buyme_website_referral","0585325028","In-store"
"יקב הר אודם","https://harodem.co.il/shop/","052-6881110","In-store"
"יקב חיטים","http://www.chitim-winery.co.il","054-445-4646","In-store"
"יקב טוליפ ויקב מאיה","http://www.tulip-winery.co.il/","04-9830573","In-store"
"יקב לוינסון","https://www.lewinsohnwinery.com/?utm_source=buyme&utm_medium=referral&utm_campaign=buyme_website_referral","054-388-4107","In-store"
"יקב לטם","http://lotemwinery.co.il","073-394-3305","In-store"
"יקב קטרון","https://kitronwinery.com/?utm_source=buyme&utm_medium=referral&utm_campaign=buyme_website_referral","04-888-7577","In-store"
"יקב שדות","https://www.sadot-winery.com/","052-8446228","In-store"
"יקב תל שיפון","https://telshifonwinery.co.il/","-","In-store"
"יש לאן","http://www.nivut.co.il/?utm_source=buyme&utm_medium=referral&utm_campaign=buyme_website_referral","1-700-502-512","Online"
"כיף האוס","https://www.keifhouse.com/index.php/he/","055-5003328","In-store"
"כיתן","http://www.golfco.co.il/","03-6451515","In-store"
"כלבו LOVE","","03-6319897","In-store"
"כפיר בולטין","https://kbolotin.com/","052-2202974","In-store"
"כפר הנופש דריה","https://www.kfarkinneret.co.il/","04-6656555","In-store"
"כפר הנוקדים","https://www.kfarhanokdim.co.il/","08-9950097","In-store"
"כרמל דיירקט","https://carmeldirect.com/?utm_source=buyme&utm_medium=referral&utm_campaign=buyme_website_referral","03-3819177","Online"
"כרמלה","https://www.carmella.co.il/?utm_source=buyme&utm_medium=referral&utm_campaign=buyme_website_referral","03-5162919","Online"
"כתר","https://il.keter.com/","1-700-70-60-15","In-store"
"לבנדר","http://www.lavender.co.il/","077-2127172","In-store"
"לה מוזה פטיסרי","https://www.facebook.com/lemuseepatisserie/?locale=he_IL"," 04-6224444","In-store"
"לה פטיסייר","https://lapatissiere.co.il/","02-560-6445","In-store"
"לובלינסקי","https://www.lublinsky.co.il/","03-9724813","In-store"
"לוטם דרעי","https://tabitisrael.co.il/%D7%94%D7%96%D7%9E%D7%A0%D7%AA-%D7%9E%D7%A7%D7%95%D7%9D/create-reservation?step=search&orgId=664b12fa2bd08c0c576ff81b&locale=he-IL&source=facebook&type=future_reservation","04-9999291","In-store"
"לוינסקי מרקט הוטל","https://www.lmarkethotel.com/","058-6464858","In-store"
"לי-ים","http://www.lee-yam.co.il/","077-5080537","In-store"
"ליאור מוצרי חשמל","https://www.lior-electric.co.il/?utm_source=buyme&utm_medium=referral&utm_campaign=buyme_website_referral","050-5588630","Online"
"ליטל לוין","https://www.levin-center.com/","0546559296","In-store"
"לייזר טאג פולג- לוחמה אורבנית","https://www.lasertag-poleg.co.il/","5082*","In-store"
"לייזר סטריט","https://www.laserstreet.co.il/","0723717195","In-store"
"ליליה","https://shop-lilya.co.il/?utm_source=buyme&utm_medium=referral&utm_campaign=buyme_website_referral","077-4447488","Online"
"לילית קוסמטיקה","https://www.lilit.co.il/?utm_source=buyme&utm_medium=referral&utm_campaign=buyme_website_referral","  074-7468771.","Online"
"לינויה","https://linoyamitpahot.com/?utm_source=buyme&utm_medium=referral&utm_campaign=buyme_website_referral","0555642663","Online"
"לרקוד מהלב","https://www.levdance.co.il/about-us/","052-2235941","In-store"
"מאמאל'ה","https://mamale.co.il/?utm_source=&utm_medium=&utm_campaign=","0549491883","Online"
"מבשלת שריגים","http://www.srigim-beer.co.il/","052-6227679","In-store"
"מגבות אלכסנדר","https://www.alexandertowels.com/?utm_source=buyme&utm_medium=referral&utm_campaign=buyme_website_referral","0543998981","In-store"
"מגדל דוד","https://www.tod.org.il/","2884*","In-store"
"מגה ספורט","https://www.megasport.co.il/?utm_source=buyme&utm_medium=referral&utm_campaign=buyme_website_referral","1-700-70-50-40","Online"
"מגוון מותגי קבוצת קסטרו הודיס","https://www.castro.com/?utm_source=buyme&utm_medium=referral&utm_campaign=buyme_website_referral"," 077-6051889 ","In-store"
"מגוון מותגי קבוצת FOX","https://www.dreamcard.co.il/","03-9051740","In-store"
"מגוון מותגי קבוצת H&M","http://www.hm.com/il/?utm_source=buyme&utm_medium=referral&utm_campaign=buyme_website_referral","052-5909957","In-store"
"מגוון מלונות אפריקה ישראל","https://www.afi-hotels.co.il/?utm_source=buyme&utm_medium=referral&utm_campaign=buyme_website_referral","3993","In-store"
"מדיטק חולון","https://buyme.co.il/page/889","03-5021552","In-store"
"מדילנד","https://mediland.co.il/","03-5527985","In-store"
"מוזיאון יעקב אגם","http:// https://yama.smarticket.co.il/?utm_source=buyme&utm_medium=referral&utm_campaign=buyme_website_referral","03-5555-900","In-store"
"מועדון הגולף קיסריה","http://www.caesarea.com/he/home/tourism/golf-club","*6550 ","In-store"
"מועדון היין","https://wine-club.co.il/?utm_source=buyme&utm_medium=referral&utm_campaign=buyme_website_referralhttps%3A%2F%2Fwlovep.com%2Fhttps%3A%2F%2Fwomancosmetics.co.il%2Fhttp%3A%2F%2Fwww.y-not.co.il%2F&gad_campaignid=18995025574&gbraid=0AAAAADq6uPVqU-icTS0VKm3OXq7OanVvn&gclid=CjwKCAjw6eWnBhAKEiwADpnw9jfAVRgJOkWB6d1ctq6QSsc8aBwBWchMEU0U5-j0ziX8TpfowW5UwxoCuKoQAvD_BwE&utm_content=749239772106&utm_term=shape%20patissier&gad_source=1&client=safari&hs=nWj9&sca_esv=d33f661f42c9ee99&hl=en-il&ei=44hSaYLvBLm29u8P8JisqQ4&oq=OPA&gs_lp=EhNtb2JpbGUtZ3dzLXdpei1zZXJwIiHXoNeV16TXqCDXnteV16gg15vXqteV15HXqiDXkNeq16gyBRAhGKABMgUQIRigATIFECEYnwUyCBAAGIAEGKIEMgUQABjvBTIFEAAY7wUyBRAAGO8FSKkSUOwEWOQPcAJ4AZABAJgBzgGgAe8NqgEFMC45LjG4AQPIAQD4AQGYAgugAqgNwgIKEAAYsAMY1gQYR8ICBxAAGIAEGBPCAgYQABgWGB7CAggQABgWGAoYHsICBBAhGBWYAwCIBgGQBgiSBwUyLjcuMqAHjC2yBwUwLjcuMrgHiQ3CBwkwLjEuNy4yLjHIB0qACAA&sclient=mobile-gws-wiz-serp&mstk=AUtExfCGN4p27k8PiQG0t6WU3TO70YJDZ78NHWntwg99jVyVGZ8IBpZp4eOc7PWILQfecihFAl_7Z2pmCnfC31RtRizwuq-9ajr9VI_gVXE_DkgKIUYHADivH1It4xJVwOIpey4&csui=3&ved=2ahUKEwiE7bWR-uKRAxUnm_0HHQsLGmsQgK4QegQIARAB&rlz=1C1CHZN_enIL1140IL1140&gs_lcrp=EgZjaHJvbWUqBggAEEUYOzIGCAAQRRg7MgoIARAAGLEDGIAEMg0IAhAAGIMBGLEDGIAEMgcIAxAAGIAEMgYIBBBFGDwyBggFEEUYPTIGCAYQRRg9MgYIBxBFGDzSAQc4NTVqMGo3qAIAsAIA&sourceid=chrome&ie=UTF-8https%3A%2F%2Fotilyas.com%2Fhehttps%3A%2F%2F925panda.co.il%2Fhttps%3A%2F%2Fwww.paraplu-art.com%2Fhttps%3A%2F%2Fpelle-sg.co.il%2F%3Futm_source%3Dgoogle&gadid=740801971906#https://www.zappa-club.co.il/https://leptin4life.com/?_gl=1%2A1l9bjkr%2A_up%2AMQ..&gclid=Cj0KCQiA88a5BhDPARIsAFj595jBGB3uTXHOElJKQQ58Eg9SWy75EziDkNQg5Pc1tCO4XKklazZgsaUaAk_qEALw_wcB&utm_source=buyme&utm_medium=referral&utm_campaign=buyme_website_referralhttps://agadir.co.ilhttps://ofiyaa-israel.com/https://www.b-shvilenu.co.il/collections/ecolove?gad_source=1&gclid=Cj0KCQiAkoe9BhDYARIsAH85cDMve7xEYnE9zIjc_Geu4Krcz61nLq5s4fsIOcn-Zj7gZ3E9joa764UaAoD1EALw_wcBhttps://oriaazran.com/https://www.eshkar.shop/https://bone-street.com/?gad_source=1&gbraid=0AAAAAqv_rhb-Kq0dzec6mGOjXnA-ubbNn&gclid=Cj0KCQjwzrzABhD8ARIsANlSWNML6QFWqDsUvLTr2S8uDcuHh--WN91yxm6_HpPF-Scnj2t0gcydsrkaAvAnEALw_wcBhttps://www.boaz-stein.com/https://beerlich.com/https://www.baritalia.co.il/https://www.dr-gav.co.il/?utm_source=&utm_medium=&utm_campaign=https://daniboy.co.il/https://lieleli.co.il/http://www.galsbakery.co.il/https://hagitassa.com/?utm_source=buyme&utm_medium=referral&utm_campaign=buyme_website_referral&utm_source=buyme&utm_medium=referral&utm_campaign=buyme_website_referralhttps://translate.google.com/?hl=iwhttps://www.teimim.com/https://www.yaarit-jewelry.com/collections/earrings?srsltid=AfmBOopFmRLQFvy2Wl3qZpRX3nUNlAKH3R34LxDsCwkaZFCWi3r4F_f6&utm_source=buyme&utm_medium=referral&utm_campaign=buyme_website_referralhttps://www.benzimrawinery.com/https://wine-club.co.il/","055-9949970","Online"
"מועדון לב הים","http://www.levyam.co.il/","03-5224079","In-store"
"מוצצים","https://motsesim.co.il/?utm_source=buyme&utm_medium=referral&utm_campaign=buyme_website_referral","086269451","Online"
"מושלמת","https://www.xn--9dboec7ci.co.il/","03-9220810","In-store"
"מותגי קבוצת INTER JEANS","https://www.nine72.com/?srsltid=AfmBOopyp2sN05icymrKiogQhU4dcuVRexrEaxmD8bvCXSrzLOXuK5ff","074-7695903","In-store"
"מותק","https://chocolateworkshop.co.il/","054-871-9606","In-store"
"מזיגה חופשית","http://www.DrinkTLV.co.il","058-787-5050","In-store"
"מזרני Camp David","http://campdavid.co.il/","08-9327799","In-store"
"מחבואים בחשיכה","http://www.machboim.co.il/","03-7220010","In-store"
"מחסן גיטרות","http://www.guitar-s.co.il/#/","053-2007007","In-store"
"מטאור","https://www.meteor-stars.co.il/?utm_source=buyme&utm_medium=referral&utm_campaign=buyme_website_referral","055-9866244","In-store"
"מטיילים עם עדן","http://eden-tours.co.il","054-6868291","In-store"
"מטרונום סטודיו","http://www.metro-studio.co.il","050-5887871","In-store"
"מי קאסה","https://micasacafe.co.il/","09-9576721","In-store"
"מיה גלר","https://mayageller.com/he/?utm_source=buyme&utm_medium=referral&utm_campaign=buyme_website_referral","035543034","Online"
"מיטחברת","https://www.mithaberet.co.il/?utm_source=buyme&utm_medium=referral&utm_campaign=buyme_website_referral","072-2152511","In-store"
"מילאנו בייקרי","https://tabitisrael.co.il/tabit-order?siteName=MILANO&step=enter&utm_source=&utm_medium=&utm_campaign=","037779445","In-store"
"מילגה","https://www.milega.co.il/?utm_source=buyme&utm_medium=referral&utm_campaign=buyme_website_referral","073-7073559","Online"
"מילה חיפה","https://milahotel.co.il/","051-5596776 ","In-store"
"מילק אנד האני","https://mh-distillery.com/he/?utm_source=buyme&utm_medium=referral&utm_campaign=buyme_website_referral","03-6320491","Online"
"מיני סטייליש","https://ministylish.co.il/?utm_source=buyme&utm_medium=referral&utm_campaign=buyme_website_referral","0547477296","Online"
"מכבי אסתטיקה","https://www.maccabiaesthetica.co.il/?utm_source=buyme&utm_source=buyme&utm_medium=referral&utm_campaign=buyme_website_referral","*5767","In-store"
"מלון אלמרה","https://almerahotel.com/he/hotels-in-bat-yam-israel/?gad_source=1&gad_campaignid=23487294413&gbraid=0AAAAA_ZdwJaOVFJejsk8haMNL1Xk7HUZx&gclid=Cj0KCQjwrZTRBhDSARIsAHidYff90ozD3Br5O9Ti25LCsBbrzFVn6abD9ZLakh4sk-UnmghpZ5USr8IaAvLcEALw_wcB&utm_source=&utm_medium=&utm_campaign=","074-7107770","In-store"
"מלון אמבסי","https://www.embassyhoteltelaviv.co.il/?utm_source=buyme&utm_medium=referral&utm_campaign=buyme_website_referral","03-6799999","In-store"
"מלון בוטיק דוריה","http://www.doriahotel.co.il/","050-9111414","In-store"
"מלון גורדון אין","http://www.hostelstelaviv.com/","03-5238239","In-store"
"מלון דניאל וספא שיזן הרצליה","http://www.tamareshotels.co.il","*5411","In-store"
"מלון האפנדי","https://efendi-hotel.co.il/","074-7299799","In-store"
"מלון הלני מלכה ירושלים","https://olive-heleni-hotel.com/","02-9950797","In-store"
"מלון ומוזיאון דונה גרציה","https://www.donagracia.com/","04-6717176","In-store"
"מלון וספא סינרגיה עין גדי","https://ngedi.co.il/?utm_source=buyme&utm_medium=referral&utm_campaign=buyme_website_referral","08-6594060","In-store"
"מלון טריאסטה בוטיק","http://triestetlv.com/il/home","050-9566956","In-store"
"מלון מולאן","https://mulanhotel.co.il/","037411102","In-store"
"מלון מטרו הרצליה","https://www.metroherzliya.co.il//?utm_source=buyme&utm_medium=referral&utm_campaign=buyme_website_referral","09-9643000","In-store"
"מלון משכנות רות דניאל","http://mishkenot-jaffa.co.il/he/%D7%A6%D7%95%D7%A8-%D7%A7%D7%A9%D7%A8/","03-5264500","In-store"
"מלון נוף","https://www.nof-hotel.co.il/nof"," 04-8354311","In-store"
"מלון עדן אין","https://www.edeninn.co.il/","04-9123197","In-store"
"מלון פולי האוס","http:// https://www.afi-hotels.co.il/poli-house-hotel-tel-aviv","3993*","In-store"
"מלון פורט","https://www.porthotel.co.il/?utm_source=buyme&utm_medium=referral&utm_campaign=buyme_website_referral","03-5445544","In-store"
"מלון פרא","https://pereh.co.il/?utm_source=GMB&utm_medium=GOOGLE","077-3311222","In-store"
"מלון קוקו","https://7mindshotels.com/cucu-boutique-hotel-tel-aviv/","03-7755777","In-store"
"מלון רוקסון אורבן רמת גן","https://www.roxonhotels.co.il/roxon-urban-ramat-gan-hotel?refform=GMB","9410*","In-store"
"מלון רוקסון דזרט ערד","https://www.roxonhotels.co.il/roxon-desert-arad-hotel","9410*","In-store"
"מלון רוקסון סי סאנד בת ים","https://www.roxonhotels.co.il/roxon-sea-sand-bat-yam-hotel?reffrom=GMB","9410*","In-store"
"מלון רוקסון רד סי אילת","https://www.roxonhotels.co.il/roxon-red-sea-eilat-hotel ","9410*","In-store"
"מלון רמדה אוליבייה נצרת","https://www.roxonhotels.co.il/ramada-nazareth-hotel-deals?reffrom=google-ads-ramada-nazareth_il_he_brand&gad_source=1&gclid=CjwKCAiAk9itBhASEiwA1my_62OqbrdxeGpQPQCmIWzHbObf3XdhrRMNjj8SOnzdoSEldVBOOnb_2BoCApUQAvD_BwE","0542515548","In-store"
"מלון רנומה","https://renomahotel.com/","077-6140400","In-store"
"מלון רפאל האוס","https://rephaelhotel.co.il/","03-7794500","In-store"
"מלון שטרקמן ארנה","http://www.sernahotel.co.il/","04-9920170","In-store"
"מלון BY14","https://by14hotel.com/","03-6288886","In-store"
"מלון MOA","https://moa-living.co.il/","08-9496700","In-store"
"מלון SAUL","https://hotelsaul.com/he","03-5277700","In-store"
"מלון White Villa","http://whitevillahotel.com/","03-6028870","In-store"
"מלונות 7EVEN","https://www.7evenhotels.co.il/","073-3272272","In-store"
"מלונות אטלס","http://www.atlas.co.il/?utm_source=buyme&utm_medium=referral&utm_campaign=buyme_website_referral","03-5425555","In-store"
"מלונות בראון מבית ישראל קנדה","http://www.brownhotels.co.il/?utm_source=buyme&utm_medium=referral&utm_campaign=buyme_website_referral","9297*","In-store"
"מלונות ג'ייקוב","https://jacobhotels.com/?utm_source=buyme&utm_medium=referral&utm_campaign=buyme_website_referral","04-8866705","In-store"
"מלונות גולדן קראון","https://www.goldencrown.co.il/","04-6000680","In-store"
"מלכת הבירה","https://www.queenbira.co.il/","053-4222456","In-store"
"ממבו מילאנו- מטבח איטלקי עכשווי","https://www.mambomilano.co.il/?utm_source=buyme&utm_medium=referral&utm_campaign=buyme_website_referral","077-230-2550","In-store"
"ממילא ויו - אורבן","https://mamillaview.com/he/urban-mamilla-view-he/","050-2888012","In-store"
"ממילא ויו סוויטס","https://mamillaview.com/","050-2888012","In-store"
"מנד'ומה","https://www.manduma.co.il/","08-6684888","In-store"
"מנו ספנות","https://cruise.mano.co.il/index","*8288","In-store"
"מניקות עם עומר","https://menikot.co.il/?utm_source=&utm_medium=&utm_campaign=","ווטסאפ- 0586696015 ","In-store"
"מסעדות בנדיקט","http://www.benedict.co.il?utm_source=buyme&utm_medium=referral&utm_campaign=buyme_website_referral","03-6868657","Online"
"מסעדות כרמים","http://cramimrest.co.il","08-8505859","In-store"
"מסעדת אגוסטין","https://www.facebook.com/people/Augustine-%D7%90%D7%92%D7%95%D7%A1%D7%98%D7%99%D7%9F/61559010277309/?mibextid=LQQJ4d","09-7497447","In-store"
"מסעדת אווזי - חיפה","https://avazeyhaifa.rest.co.il/?sessionReferrer=https://www.rest.co.il/","04-8406002","In-store"
"מסעדת אווזי שכונת התקווה תל אביב","https://avazihatikva.co.il/?utm_source=buyme&utm_medium=referral&utm_campaign=buyme_website_referral","036879918","In-store"
"מסעדת אלנה במלון נורמן","https://www.thenorman.com/","03-5435400","In-store"
"מסעדת אסתר","http://www.ester-rest.co.il/","03-6325852","In-store"
"מסעדת ארסטו קיסריה","https://aresto-restaurant.co.il/","04-636-3456","In-store"
"מסעדת באבא יאגה","http://babayaga.co.il/","03-5175179","In-store"
"מסעדת בון גוסטו","https://buongusto.co.il/","0773034076","In-store"
"מסעדת בוצ'רי","https://www.butcheryb7.co.il/?gad_source=1&gad_campaignid=8174761861&gbraid=0AAAAAClPI0HLD8033nrkXIQ8X3dUmwSZL&gclid=CjwKCAjw1dLDBhBoEiwAQNRiQTzidhu2GXO_PVMpuEy8KyTgyLm0WD2cpVyI5dsje-pomtn8_k0KwRoC1OEQAvD_BwE","08-6233370","In-store"
"מסעדת בוצ'רי דה ברילוצ'ה","https://butchery.co.il/","077-5309700","In-store"
"מסעדת בלה בעמק","http://bellabaemek.co.il/","04-9830730","In-store"
"מסעדת ג'ורג' וג'ון","https://gandj.co.il/","03-726-9309","In-store"
"מסעדת גורג' אנד ברדרס","https://www.georgeandbrothers-tlv.com/","03-6167665","In-store"
"מסעדת גסטה","","04-8538222","In-store"
"מסעדת גשן","http://goshentlv.co.il/","03-5600766","In-store"
"מסעדת דולפין ים","https://seadolphin.co.il/","02-6232272","In-store"
"מסעדת דלאל","http://dallal.co.il/","03-5109292","In-store"
"מסעדת הספריה","https://hasifria.com/?utm_source=buyme&utm_medium=referral&utm_campaign=buyme_website_referral","08-6655120","Online"
"מסעדת הצדף","https://www.zedef.co.il/","-","In-store"
"מסעדת חוות התבלינים בגלבוע","http://www.herb-farm.co.il/","04-6531093","In-store"
"מסעדת חנדלה","http://www.hendale.co.il","09-7603647","In-store"
"מסעדת טגלוס","https://www.facebook.com/tagalos1/","07-65394469","In-store"
"מסעדת טלביה","https://www.talbiye.com/","02-5811927","In-store"
"מסעדת יפו תל אביב","http://www.yaffotelaviv.com/","03-6249249","In-store"
"מסעדת לה שוק","http://www.la-shuk.co.il/","03-6033117","In-store"
"מסעדת לוצ'נה","https://luciana.co.il/","02-5021000","In-store"
"מסעדת לוקס","http://www.luxhaifa.co.il","077-2060970","In-store"
"מסעדת מונא","https://he-il.facebook.com/monajerusalem/","02-6222283","In-store"
"מסעדת מינאטו","http://www.minato.co.il","09-7731703","In-store"
"מסעדת סופר המזרח","https://superhamizrah.co.il/","026237190","In-store"
"מסעדת סמוראיו","https://www.samurayo.co.il/","04-6593322","In-store"
"מסעדת פדריק","http://www.fedrik.co.il/","08-856-0644","In-store"
"מסעדת פוקצ'ה במושבה","http://m.focaccia.co/index.php?p=restaurant","02-5387182","In-store"
"מסעדת פיאצה גרנדה","https://ontopo.com/he/il/page/35062989?source=google","03-6714653","In-store"
"מסעדת פימפינלה","https://www.pimpinella.co.il/","0547094407","In-store"
"מסעדת פינתי כפר עציון","https://www.pinati-etzion.com/","073-3322202","In-store"
"מסעדת פראטלי","https://fratellirest.co.il/","09-8787690","In-store"
"מסעדת פרינג'","https://www.fringe-restaurant.com/","02-6499549","In-store"
"מסעדת קיצ׳וקאי","https://www.cichukai.co.il/?utm_source=buyme&utm_medium=referral&utm_campaign=buyme_website_referral","054-473-3182","In-store"
"מסעדת קסיס","http://www.cassis.co.il","03-575-3745","In-store"
"מסעדת קפטן הוק","https://captainhook.co.il/","03-6445440","In-store"
"מסעדת קרודו חיפה","https://www.crudohaifa.co.il/?source=google&utm_id=20308607948&utm_term=%D7%A7%D7%A8%D7%95%D7%93%D7%95%20%D7%97%D7%99%D7%A4%D7%94&gad_source=1&gad_campaignid=20308607948&gbraid=0AAAAAp2AyOJYfQhJpU-_Yibcuiz-YR24R&gclid=CjwKCAiAwqHIBhAEEiwAx9cTeZIQ02CfsYIuZlP58QDuHfTUQxkmzl8MwG8CjbsYFdumqhr9dBjjlhoCgqkQAvD_BwE","077-4990499","In-store"
"מסעדת רוז'","https://pereh.co.il/culinary/","054-9935431","In-store"
"מסעדת רשטא","http://reshta.co.il/","02-9948520","In-store"
"מסעדת שופן","http://shufan-dev.wp.2eat.co.il/","08-6281291","In-store"
"מסעדת שטרודל","https://shtroudl.rest.co.il/","053-9344986","In-store"
"מסעדת שצ'ופק","http://www.shtsupak.co.il","03-5441973","In-store"
"מסעדת תריסר","https://www.treysar12.com/","074-7585353","In-store"
"מסעדת a","https://www.arestaurant.co.il/?utm_source=buyme&utm_medium=referral&utm_campaign=buyme_website_referral","074-758-8818","In-store"
"מסעדת Donna La Cucina","https://ontopo.com/he/il/page/58480575","03-5034898","In-store"
"מסעדת JOY גריל האוס","","02-5020555","In-store"
"מסעדת MILA","https://www.milas.co.il/mila-heb?utm_source=buyme&utm_medium=referral&utm_campaign=buyme_website_referral","03.6989801","In-store"
"מסעדת MOSHIK& של השף מושיק רוט","https://andmoshik.com/he/?utm_source=buyme&utm_medium=referral&utm_campaign=buyme_website_referral","0779386111","In-store"
"מסעדת TYO","http://tyo.co.il/","03-9300333","In-store"
"מצמן","https://www.matzman-merutz.co.il/?utm_source=buyme&utm_medium=referral&utm_campaign=buyme_website_referral","1-800-30-44-30","Online"
"מקדונלד'ס","https://www.mcdonalds.co.il/?utm_source=buyme&utm_medium=referral&utm_campaign=buyme_website_referral","https://api.whatsapp.com/send?phone=972545738031","Online"
"מקום בלב","http://www.makombalev-raanana.co.il/","09-7741575","In-store"
"מקופלת","https://www.mekupelet.co.il/?utm_source=buyme&utm_medium=referral&utm_campaign=buyme_website_referral","077-7804800","Online"
"מקס ברנר","http://www.max-brenner.co.il/","1700-70-88-77","In-store"
"מקס ברנר עד הבית","http://www.max-brenner.co.il/?utm_source=buyme&utm_medium=referral&utm_campaign=buyme_website_referral","1700-70-88-77","In-store"
"מקסיקנה","https://mexicana.co.il/?utm_source=buyme&utm_medium=referral&utm_campaign=buyme_website_referral","1700500993","In-store"
"מרינה דלאל","https://www.dallal.co.il/marina","03-5109292","In-store"
"מריפוסה- מסעדת שף בקיסריה","http://www.mariposa.co.il/","04-6265000","In-store"
"מרכז סוזן דלל","http://www.suzannedellal.org.il","03-5105656","In-store"
"מרכז ענבל ברק","","0535232700","In-store"
"מרכז קנדה","http://www.canada-centre.co.il/","04-6950370","In-store"
"מרכז תרבות נא לגעת","http://nalagaat.org.il/","03-6330808","In-store"
"מרקש","http://markash.rest.co.il/","053-9442774","In-store"
"משלוחה","https://www.mishloha.co.il/?utm_source=buyme&utm_medium=referral&utm_campaign=buyme_website_referral","072-2722222","Online"
"משק 33","https://meshek33.co.il/?utm_source=buyme&utm_medium=referral&utm_campaign=buyme_website_referral","0527275357","Online"
"משק אחיה","https://www.m-achiya.co.il/?utm_source=buyme&utm_medium=referral&utm_campaign=buyme_website_referral","02-9401313","Online"
"משק הלברכט","http://foodgarden.co.il/","054-9952210","In-store"
"משקפי OBO","https://oboline.com/","054-8935035","In-store"
"משתלת אזור","https://azurflowers.co.il/?utm_source=buyme&utm_medium=referral&utm_campaign=buyme_website_referral","03-5568916","Online"
"מתוק מהלב- אפייה ושוקולד","http://www.matokmealev.co.il/","054-4707072","In-store"
"מתוקה","https://www.metuka.co.il/","072-2202510","In-store"
"מתחת לעץ","https://www.facebook.com/underthetree.tlv/?locale=he_IL","03-6359033","In-store"
"מתפתחים ביחד עם שלומית שוסטר","https://www.digitalbaby10.com/?utm_source=buyme&utm_medium=referral&utm_campaign=buyme_website_referral","052-5550073","In-store"
"נאם","http://namrestaurant.co.il/?utm_source=buyme&utm_medium=referral&utm_campaign=buyme_website_referral","03-6708050","Online"
"נגינה","https://negina.co.il/","058-7916656","In-store"
"נולה","https://www.noolafood.com/","0546994721","In-store"
"נונו ומימי","https://nonomimi.com/?utm_source=buyme&utm_medium=referral&utm_campaign=buyme_website_referral","09-8353600","In-store"
"נירוונה","https://nirvanajapanesespa.com","08-6595666","In-store"
"נעה עינת","https://www.noacakes.co.il/","054-7271122","In-store"
"נעלי נמרוד","https://www.nimrod.co.il/?utm_source=buyme&utm_medium=referral&utm_campaign=buyme_website_referral","1-700-70-40-33","Online"
"נעלי SAND","https://sandisrael.co.il/","054-3599758","In-store"
"נעם גונן- לגדול דרך תנועה","https://www.noambaby.co.il/","054-6764184","In-store"
"נערי האור","https://www.youth-of-light.org/?utm_source=buyme&utm_medium=referral&utm_campaign=buyme_website_referral","09-7920993","In-store"
"סאן פדרו","https://www.san-pedro.co.il//?utm_source=buyme&utm_medium=referral&utm_campaign=buyme_website_referral","04-641-7324","In-store"
"סאפ יוגה תל אביב","http://www.supyoga.co.il/","0548335122","In-store"
"סבב ברים D-TLV","https://www.d-tlv.com/he","0542264469","In-store"
"סו סושי תל אביב","https://www.sosushievengvirol.co.il/?utm_source=buyme&utm_medium=referral&utm_campaign=buyme_website_referral","053-6482222","In-store"
"סולתם","https://soltam.co.il/","03-9392820","In-store"
"סורוצקין","https://jewishdeli.co.il/?utm_source=buyme&utm_medium=referral&utm_campaign=buyme_website_referral","054-2809766","Online"
"סטודיו בעלי המלאכה","http://www.hamelaha.co.il/","03-5370773","In-store"
"סטודיו הדובות","https://linktr.ee/hadubot?utm_source=ig&utm_medium=social&utm_content=link_in_bio&fbclid=PAZXh0bgNhZW0CMTEAc3J0YwZhcHBfaWQMMjU2MjgxMDQwNTU4AAGneYmIGtB0mR5c_lLBOZokggMKx1spyf9_RwxpHzm-poTyzY6u8H2SW5XXEkU_aem_XWauURCE50Q4mwUIo-8GuA&utm_source=buyme&utm_medium=referral&utm_campaign=buyme_website_referral","054-6143613","In-store"
"סטודיו הראל","http://studiorl.co.il/","1800-241-241","In-store"
"סטודיו מיכל","http://www.studiomichal.com/","054-5783811","In-store"
"סטודיו עדי ניסני","https://adinissani.com/?utm_source=buyme&utm_medium=referral&utm_campaign=buyme_website_referral","054-7986107","Online"
"סיגל זיו","http://www.sigalziv.co.il/","052-2998784","In-store"
"סיונרה","https://sayonara.co.il/#2","1-700-70-70-87","In-store"
"סיורי עיריית תל אביב יפו","http://www.visit-tlv.co.il/","03-5166188","In-store"
"סילו תרבות","https://www.siloculture.com/","0545449505","In-store"
"סימונצ'ו קייקס","https://www.simonchucakes.com/","052-524-3334","In-store"
"סימני דרך","http://www.pathsigns.co.il","072-2149360","In-store"
"סינטה בר אקספרס - חיפה","https://www.sinta-express.co.il/?utm_source=buyme&utm_medium=referral&utm_campaign=buyme_website_referral","046661832","In-store"
"סיני קליניק","http://www.siniclinic.co.il","054-7603521","In-store"
"סלון אוכל","https://www.food-salon.com/","050-7536736","In-store"
"סלון יווני","https://www.salonyevani.co.il/?utm_source=buyme&utm_medium=referral&utm_campaign=buyme_website_referral","035522525","In-store"
"סלקשיין","https://selection.co.il/","08-6650844","In-store"
"סמארט טויס","https://www.smart-toys.co.il//?utm_source=buyme&utm_medium=referral&utm_campaign=buyme_website_referral","054-2019111","Online"
"סנדלי שורש","https://source-israel.co.il/?utm_source=buyme&utm_medium=referral&utm_campaign=buyme_website_referral","service@source-israel.co.il","Online"
"סניפים נבחרים ברשת קפה גרג","https://gregcafe.co.il/?utm_source=buyme&utm_medium=referral&utm_campaign=buyme_website_referral","1-700-70-44-07","In-store"
"סניפים נבחרים ברשת קפה קפה","https://www.cafecafe.co.il/he/home/a/main/?utm_source=buyme&utm_medium=referral&utm_campaign=buyme_website_referral","03-6968038 ","In-store"
"ספא אדמה","https://adamaspa.co.il/?utm_source=buyme&utm_medium=referral&utm_campaign=buyme_website_referral","072-3311300","In-store"
"ספא אלמונד","https://argamanspa.co.il/ ","052-9707719 ","In-store"
"ספא בהר - הרי ירושלים","https://spabahar.co.il/","050-5244411","In-store"
"ספא בית אורן","http://www.spabeitoren.com/","0553069466","In-store"
"ספא בית דרך חיים- נמל ת""א","http://www.derech-haim.co.il/?CategoryID=159","03-6044044","In-store"
"ספא בריאה","https://briaa-gilboa.co.il/","050-5503254","In-store"
"ספא גולף קיסריה","http://www.spagolf.co.il","04-6248608","In-store"
"ספא גלי כנרת","https://argamanspa.co.il/ ","052-9707708","In-store"
"ספא דניאל","https://www.hotels-spa.co.il/?utm_source=buyme&utm_medium=referral&utm_campaign=buyme_website_referral","073-3777188","In-store"
"ספא דריה נבל דוד גליל ריזורט","https://argamanspa.co.il/ ","0529707712 ","In-store"
"ספא דרך הגוף","http://www.bodycourse.com/","03-5084568","In-store"
"ספא הבריאות שבפינוק","http://www.breeut-pinuk.com","0776214988","In-store"
"ספא הורייזון - שרתון ת""א","https://www.horizonspa.co.il/","03-5757977","In-store"
"ספא ויה מאריס","https://www.davidtower.co.il/spa/","09-8800084","In-store"
"ספא ומלון בוטיק שנקין תל אביב","http://www.shenkinhotel.co.il/","03-600-9400","In-store"
"ספא ומלון ברדיצ'בסקי","http://www.hotelbtlv.co.il/","03-7448888","In-store"
"ספא טומוקו ג'פניס","https://www.tomokojapanese.co.il/","09-9552365","In-store"
"ספא טיפה אחרת","https://www.t-pa.co.il/?utm_source=buyme&utm_medium=referral&utm_campaign=buyme_website_referral","072-3955092","Online"
"ספא מטה במדבר","http://www.rol.co.il/sites/mate-midbar/","08-6233370","In-store"
"ספא מנטרה - רעננה","http://www.mantraspa.co.il/","09-7406506","In-store"
"ספא נאות","https://spaneot.co.il/?utm_source=buyme&utm_medium=referral&utm_campaign=buyme_website_referral","0543444911","In-store"
"ספא נורמן","https://www.thenorman.com/","03-5435530","In-store"
"ספא פנינה בכרמל","http://www.spa-pninabacarmel.co.il/","04-8101199","In-store"
"ספא רוקסון אורבן רמת גן","https://www.roxonsparamatgan.co.il/","9410*","In-store"
"ספא OKOA מלון קמפינסקי","https://argamanspa.co.il/ ","052-9707780","In-store"
"ספא SHEVA","https://www.sheva-spa.co.il/","077-9966777","In-store"
"ספרינקלס בייקרי","https://www.sprinklestlv.com/","054-704-4665","In-store"
"סקאי","https://www.israelsky.com/","053-3581152","In-store"
"סקייטרק","https://www.skytrek.co.il/","054-7711135","In-store"
"סקיני פסטה","http://skinnypasta.co.il/?utm_source=buyme&utm_medium=referral&utm_campaign=buyme_website_referral","1700702010","Online"
"עגליס","https://agalease-baby.co.il/?utm_source=buyme&utm_medium=referral&utm_campaign=buyme_website_referral","09-9510100","Online"
"עדה לזורגן","https://adahlazorgan.co.il/?utm_source=buyme&utm_medium=referral&utm_campaign=buyme_website_referral","052-6703930","Online"
"עוגאיה","https://www.ayatamam.com/","09-7407128","In-store"
"עולם היין","https://olamhayain.co.il//?utm_source=buyme&utm_medium=referral&utm_campaign=buyme_website_referral","0546375639","In-store"
"עידו עמית תצפיות כוכבים","https://www.astroido.com/?utm_source=buyme&utm_medium=referral&utm_campaign=buyme_website_referral","05049747312","In-store"
"עידן אקרו יוגה","","0546696620","In-store"
"עיינות ספיר","https://ayanotsapir.co.il/","054-5538581","In-store"
"עיניים","https://www.einayim.com","02-6515212","In-store"
"עיסוי רפואי- מרדכי בורודטי","https://lee.co.il/b/LRj3e?utm_source=buyme&utm_medium=referral&utm_campaign=buyme_website_referral","0587181770","In-store"
"עלהבוקר- מתחם וולנס","https://alaboker.co.il/?utm_source=buyme&utm_medium=referral&utm_campaign=buyme_website_referral","0502458594","In-store"
"עלטה","https://www.facebook.com/profile.php?id=61563987928172","0542092104","In-store"
"עליזהל'ה","https://alizaleh.co.il/?utm_source=buyme&utm_medium=giftcard&utm_campaign=pagelink","0585326487","Online"
"עלמה","https://alma-wellness.co.il/","052-6840356","In-store"
"עצמל'ה","https://www.etzmaleh.co.il/?utm_source=buyme&utm_medium=referral&utm_campaign=buyme_website_referral","0542229670","In-store"
"ערסלו'ס","https://www.arsalos.com/","058-4190292","In-store"
"פאנקי פיש מתנות חוויתיות","https://il.funkyfish.com/?gclid=Cj0KCQiAt8WOBhDbARIsANQLp96v8xfUiTFdhd4hk0lEIw-zxE2KeXT0fy5Lors8sbdGOokpYaXF3_YaAjNAEALw_wcB&utm_source=buyme&utm_medium=referral&utm_campaign=buyme_website_referral","054-8987543","Online"
"פאפאגאיו ירושלים","https://papagaiojerusalem.rest.co.il/","02-6745745","In-store"
"פארוק בשוק","https://faruk-bashuk.co.il/","03-6515670","In-store"
"פארק מיני ישראל","http://www.minisrael.co.il/","1-700-559-559","In-store"
"פודסטפס","https://foodsteps.co.il/product-category/%D7%A1%D7%93%D7%A0%D7%90%D7%95%D7%AA-%D7%91%D7%99%D7%A9%D7%95%D7%9C/?gad_source=1&gad_campaignid=24134189677&gbraid=0AAAAADspVa9yUFoS9MVk2S0f0tiw5yWmr&gclid=CjwKCAjwqc_UBhBKEiwAWbl25v2Tk-Fic8Jowk-xFZLxN1VgLPol6F5vSa0qbQPULvNmDVW8gY_u_xoC-nkQAvD_BwE/?utm_source=buyme&utm_medium=referral&utm_campaign=buyme_website_referral","⁦0 54-931-6274⁩","Online"
"פונדק הצלבנים קיסריה","https://hazalbanim.co.il/","04-636-1679","In-store"
"פונדק עין כרם","http://www.rol.co.il/sites/pundak-ein-karem/","02-6431840","In-store"
"פונפוני","https://www.ponponi.co.il/?utm_source=buyme&utm_medium=referral&utm_campaign=buyme_website_referral","0522418573","Online"
"פוסידון","https://www.posidon.co.il/","050-8551730","In-store"
"פוקצ'ה בר","http://bar.focaccia.co/index.php?p=restaurant","02-6256428","In-store"
"פטלינה","https://www.petelina.co.il/","03-648-3221","In-store"
"פיצ'פונים","http://pichponim.co.il/","0528368017","In-store"
"פיצה סטורי","https://pizza-story.co.il/?page_id=200","3606*","In-store"
"פיצה פורטו","http://pizzaporto.co.il/","038000888","In-store"
"פלה דה תה","http://www.palaisdesthes.co.il/?utm_source=buyme&utm_medium=referral&utm_campaign=buyme_website_referral","03-5221317","Online"
"פלמינגו ספא","http://flamingospa.co.il/#1","052-883-0083","In-store"
"פלנט באולינג וסיטי באולינג","https://www.planetbowling.co.il/price-list","09-7672442","In-store"
"פנינה רוזנבלום","https://www.rosenblum.co.il/?utm_source=buyme&utm_medium=referral&utm_campaign=buyme_website_referral","03-9522250","Online"
"פפאיה","https://www.papaya.co.il/?utm_source=buyme&utm_medium=referral&utm_campaign=buyme_website_referral","03-6811168","Online"
"פראנה","https://pranayoga.co.il/","03-5710660","In-store"
"פרדס סדנאות ליצירה בעץ","https://prj.co.il/","054-7704748","In-store"
"פרה פרה-מסעדת בשרים","http://pararest.co.il","08-9398220","In-store"
"פרי גנך","https://pri-ganech.co.il/?gclid=CjwKCAjw-7OlBhB8EiwAnoOEk7KoPxjrxsDabjk87QBB3q67-2O2_Dr1MgNHMrWeQn-aXv6lYY1QwhoCA7AQAvD_BwE","1-700-500-414","In-store"
"פרימה","http://www.prima.co.il","03-9533803","In-store"
"פרלינים- שוקולד זה מתנה","https://www.perlinim.co.il/","054-7760125","In-store"
"פרש קפה","https://www.parash-coffee.com/","02-6417389","In-store"
"פתאל","https://www.fattal.co.il/?utm_source=buyme&utm_medium=referral&utm_campaign=buyme_website_referral","3222*","In-store"
"פתורה","https://www.ptora.co.il//?utm_source=buyme&utm_medium=referral&utm_campaign=buyme_website_referral","08-6881168","Online"
"צ'אקולי","","03-6564740","In-store"
"צ'ימיגג","https://chimigag.com/?utm_source=buyme&utm_medium=referral&utm_campaign=buyme_website_referral","02-6255388","In-store"
"צ'ירז","https://cheers.co.il/?utm_source=buyme&utm_medium=referral&utm_campaign=buyme_website_referral","-","Online"
"צ'רלי בננה","http://charlie-banana.co.il/","054-4811450","In-store"
"צימר חן","https://www.zimmerhen.co.il/?utm_source=buyme&utm_medium=referral&utm_campaign=buyme_website_referral","0546617866","In-store"
"צימרים גן העדן של ליאורה","https://www.zimmer-had-nes-hagolan.co.il/","054-4995094","In-store"
"ציפורלה","http://www.tziporela.com","077-7110885","In-store"
"צמר שטיחים יפים","https://tzemer.co.il/?utm_source=buyme&utm_medium=referral&utm_campaign=buyme_website_referral","073-7837713","Online"
"צעדים ראשונים","https://www.first-steps.co.il/he/?utm_source=buyme&utm_medium=referral&utm_campaign=buyme_website_referral","09-7902306","Online"
"צעצועי עוזי","https://uzi-toys.com/?utm_source=buyme&utm_medium=referral&utm_campaign=buyme_website_referral","09-9561003","Online"
"צפון אברקסס","https://northabraxas.com/?utm_source=buyme&utm_medium=referral&utm_campaign=buyme_website_referral","03-5166660","In-store"
"קאלמה ספא","https://calmaspa.co.il/","03-6854777","In-store"
"קאנטרי שיק","https://countrychic.co.il/?utm_source=buyme&utm_medium=referral&utm_campaign=buyme_website_referral","055-9579575","Online"
"קבוצת אסתי לאודר, MAC בובי בראון","","03-7770888","In-store"
"קבוצת גוצ'ה","http://www.goocha.co.il/","03-5222886","In-store"
"קבוצת מחניודה","http://www.machneyuda.co.il/?utm_source=buyme&utm_medium=referral&utm_campaign=buyme_website_referral","02-5333442","In-store"
"קבוצת Golf","http://www.golfgroup.co.il/","077-6047006","In-store"
"קבוצת IBBG- אולם תצוגה","https://www.bugaboo-distributor.co.il/","03-5407999","In-store"
"קבוצת story","https://www.storyonline.co.il/?utm_source=buyme&utm_medium=referral&utm_campaign=buyme_website_referral","03-5330911","Online"
"קולומביה, שבילים ואווטסיידרס","https://columbia.co.il/?utm_source=buyme&utm_medium=referral&utm_campaign=buyme_website_referral","03-6557555","Online"
"קולנוע יפו","https://www.jaffacinema.com/?utm_source=buyme&utm_medium=referral&utm_campaign=buyme_website_referral","054-8708099","In-store"
"קולנוע לב","http://www.lev.co.il/","5155*","Online"
"קונדיטוריית שני","https://shanybakeryonline.co.il/","04-8641056","In-store"
"קונדיטורית טיבי","https://tibi-coffee.business.site/","04-8312106","In-store"
"קופינאס","http://www.kofinas.co.il/","097722672","In-store"
"קופסא מהשוק - BY חן קורן","https://boxfromjerus.co.il/?utm_source=buyme&utm_medium=referral&utm_campaign=buyme_website_referral","0507875684","Online"
"קיוטו נאי ראשון לציון","https://www.kyoto-nei.co.il/","03-6824046","In-store"
"קימל בגלבוע","https://kimmelbagilboa.co.il/?utm_source=buyme&utm_medium=referral&utm_campaign=buyme_website_referral","04-6895566","In-store"
"קיפצובה","http://www.kiftzuba.co.il","02-5347652","In-store"
"קל גב","https://kalgav.co.il/?utm_source=buyme&utm_medium=referral&utm_campaign=buyme_website_referral","08-8692730","Online"
"קלאב מרין","https://www.clubmarine.co.il/?utm_source=buyme&utm_medium=referral&utm_campaign=buyme_website_referral","09-886-2191","In-store"
"קמפאי & CHI CHI","https://kampai.co.il/?utm_source=buyme&utm_medium=referral&utm_campaign=buyme_website_referral","08-6655999","Online"
"קמפאי סטריט ווק","https://kampaistreetwok.co.il/?utm_source=buyme&utm_medium=referral&utm_campaign=buyme_website_referral","*5835","Online"
"קפאסה","https://kepasa.co.il/?utm_source=buyme&utm_medium=referral&utm_campaign=buyme_website_referral","08-6655122","Online"
"קפה 65","https://www.atlas.co.il/heb/cafe-65?gclid=CjwKCAjw_MqgBhAGEiwAnYOAevAUZ1sNOfhiDJj3PdoqB0BoIbN2I0rclIxvennqcwAZeNmmnNvJkxoCLF0QAvD_BwE","03-7677675","In-store"
"קפה אוסישקין","https://ussishkin.co.il/","04-6100001","In-store"
"קפה אופטימי","https://cafeoptimi.co.il/","08-6376510","In-store"
"קפה אניצ'ה","https://www.anicca.co.il/?utm_source=buyme&utm_medium=referral&utm_campaign=buyme_website_referral","077-3034144","In-store"
"קפה בוקה","https://www.bucke-cafe.com/","054-7008808","In-store"
"קפה בסיבוב","https://www.facebook.com/cafe.basivuv/?locale=he_IL","050-7775857","In-store"
"קפה בקסטייג'","https://www.atlas.co.il/heb/backstage-cafe","-","In-store"
"קפה דיזנגוף","http://www.rol.co.il/sites/dizengof-cafe/","03-6292408","In-store"
"קפה הצבי","","04-659-5222","In-store"
"קפה זוריק","https://www.cafezorik.co.il/","03-6048858","In-store"
"קפה זליק","http://cafezelik.co.il/","03-73112222","In-store"
"קפה מרקט האוס","https://www.atlas.co.il/heb/market-house-tel-aviv?gclid=CjwKCAjw_MqgBhAGEiwAnYOAel-DQZPc_2qjcG_SF87kczYHPI4Q9z4uFVHWURfOk5lrqcl-EEQfOxoC_zkQAvD_BwE","-","In-store"
"קפה נאפו","https://www.cafenapo.co.il/","03-6989819","In-store"
"קפה נואר","https://www.cafenoir.co.il/?utm_source=buyme&utm_medium=referral&utm_campaign=buyme_website_referral","03-5663018","Online"
"קפה סוזאנה","https://www.suzanatlv.co.il/","03-5177580","In-store"
"קפה סלבדור","http://www.wafflefactory.co.il/","6643*","In-store"
"קפה פרנצ'וק","https://www.facebook.com/pg/franchook/about/?ref=page_internal","077-2056789","In-store"
"קפה רבי","https://www.facebook.com/Cafe.Rabi.TLV","073-3245731","In-store"
"קשרי תעופה","https://www.kishrey-teufa.co.il/?utm_source=buyme&utm_medium=referral&utm_campaign=buyme_website_referral","03-5205020","In-store"
"רביבה וסיליה","https://www.revivaandcelia.co.il/?utm_source=buyme&utm_medium=referral&utm_campaign=buyme_website_referral","03-5400179","In-store"
"רהיטי קיסר","https://ergonomicoffice.co.il/?utm_source=buyme&utm_medium=referral&utm_campaign=buyme_website_referral","072-3319650","Online"
"רוזה אשדוד","https://rozaashdod.co.il/","08-6181717","In-store"
"רוזנבאום תכשיטים","https://www.rozenbaumj.co.il/?utm_source=buyme&utm_medium=referral&utm_campaign=buyme_website_referral","0543452454","Online"
"רויטל כהן- האקדמיה לנומרולוגיה","https://itsrevitalcohen.co.il/?utm_source=buyme&utm_medium=referral&utm_campaign=buyme_website_referral","0522942302","Online"
"רוסטיקו","http://rustico.co.il/","03-6026969","In-store"
"רועי אלבה","https://roeielba.art/?utm_source=buyme&utm_medium=referral&utm_campaign=buyme_website_referral","050-7637888","Online"
"ריביירה ספא","https://riviera-spa.co.il/","073-7692627","In-store"
"ריטה מיסיוק","https://ritamisiuk.co.il/?utm_source=buyme&utm_medium=referral&utm_campaign=buyme_website_referral","0527343365","In-store"
"ריסטרט לאמהות","https://www.restart4us.com/","054-7738222","In-store"
"ריקושט","http://www.rikushet.co.il/","04-6226420","In-store"
"רפטינג נהר הירדן","http://www.rafting.co.il","04-9007000","In-store"
"רשת דארלן","http://www.darlain.co.il/?utm_source=buyme&utm_medium=referral&utm_campaign=buyme_website_referral","03-5360645","Online"
"רשת למטייל","http://www.lametayel.co.il/?utm_source=buyme&utm_medium=referral&utm_campaign=buyme_website_referral","077-3334579","Online"
"רשת לנדוור","https://www.landwercafe.co.il/?utm_source=buyme&utm_medium=referral&utm_campaign=buyme_website_referral","03-7311311","In-store"
"רשת מכלול","https://michlol.co.il/?utm_source=buyme&utm_medium=referral&utm_campaign=buyme_website_referral","‏04-8322970‏","In-store"
"רשת מלונות גרנד הוטלס","https://www.grandhotels.co.il/","03-5433333","In-store"
"רשת מלונות ישרוטל","https://www.isrotel.co.il/","*5585","In-store"
"רשת מלונות מטיילים","https://www.travelhotels.co.il/","04-6883040","In-store"
"רשת סושי רחביה","http://www.sushirehavia.co.il/","02-5667477","In-store"
"רשת צומת ספרים","https://www.booknet.co.il/?utm_source=buyme&utm_medium=referral&utm_campaign=buyme_website_referral","08-9236565","In-store"
"רשת Bגוד","https://www.bgoodonline.co.il/?utm_source=buyme&utm_medium=referral&utm_campaign=buyme_website_referral","1-700-702767","Online"
"רשת Homestyle","https://www.homestyle.co.il/?utm_source=buyme&utm_medium=referral&utm_campaign=buyme_website_referral","03-3749040","In-store"
"שבלול ג'אז","http://www.shabluljazz.com","03-5461891","In-store"
"שבתאי פיצה ובירה","https://www.shabtaipizza.co.il/","*4560","In-store"
"שגב","https://www.segevchef.com/?utm_source=buyme&utm_medium=referral&utm_campaign=buyme_website_referral","077-4142025","In-store"
"שגית","https://sagit-gifts.co.il/","052-808-8064","In-store"
"שופרא","https://www.shoofra.co.il/?utm_source=buyme&utm_medium=referral&utm_campaign=buyme_website_referral","03-5621235","Online"
"שוק EAT","https://www.shukeat.co.il/?utm_source=buyme&utm_medium=referral&utm_campaign=buyme_website_referral","072-3384190","In-store"
"שוקה TLV","https://www.shuka-tours.com/","050-3911113","In-store"
"שיחות עם הברמן","https://www.talksbar.com/","051-5426050","In-store"
"שילב","http://www.shilav.co.il/","03-5775111","Online"
"שילה הקדומה","https://www.a-shiloh.co.il/","02-5789111","In-store"
"שירי","http://www.shiri-sleep.co.il/","050-7919871","In-store"
"שירי רז","https://www.sr-styling.com/","0544368833","In-store"
"שירלי מרכז אומנויות","https://shirlyart.co.il/","052-2505706","In-store"
"שישקו","https://www.shishko.co.il/","073-7590937","In-store"
"שלומית אופיר","https://shlomitofir.co.il/?utm_source=buyme&utm_medium=referral&utm_campaign=buyme_website_referral","077-4006725","Online"
"שני יעקובי","https://shanijacobi.co.il/?utm_source=buyme&utm_medium=referral&utm_campaign=buyme_website_referral","-","Online"
"שקדיה","https://www.shkedya.co.il/","03-3811576","In-store"
"שקם אלקטריק","https://www.shekem-electric.co.il//?utm_source=buyme&utm_medium=referral&utm_campaign=buyme_website_referral","073-2398701","In-store"
"שר המשקאות","http://www.mashkaot.co.il?utm_source=buyme&utm_medium=referral&utm_campaign=buyme_website_referral","054-9271600","Online"
"שרינה שוקולד","http://www.sarina-chocolate.co.il/","077-5255370","In-store"
"שרנא ספא הרצליה","http:// www.saranaclub.co.il","077-9975777","In-store"
"ששון - אחוזה חיפה","http://www.sasson-bar.co.il/?utm_source=buyme&utm_medium=referral&utm_campaign=buyme_website_referral","04-6306234","In-store"
"תאי צ'ו","https://www.thai-chu.com/","054-3550456","In-store"
"תות וניל","http://www.tutvanil.com","054-4477544","In-store"
"תות תקשורת - אלון גל","https://www.tut-coach.com/","03-6091399","In-store"
"תחביבן","https://takhbivan.co.il//?utm_source=buyme&utm_medium=referral&utm_campaign=buyme_website_referral","03-7207201","Online"
"תיאטרון באר-שבע","http://www.b7t.co.il/","2690*","In-store"
"תיאטרון הבימה","https://www.habima.co.il/?utm_source=buyme&utm_medium=referral&utm_campaign=buyme_website_referral","03-6295555","In-store"
"תיק התיקים","http://www.tikhatikim.co.il?utm_source=buyme&utm_medium=referral&utm_campaign=buyme_website_referral","03-9037774","Online"
"תכשיטי דנון","https://danon-jewellery.co.il/?utm_source=buyme&utm_medium=referral&utm_campaign=buyme_website_referral","054-7977990","Online"
"תכשיטי חביב","https://havivjewelry.co.il/?utm_source=buyme&utm_medium=referral&utm_campaign=buyme_website_referral","050-5999088","Online"
"תכשיטי MI-ALMA","https://mi-alma.co.il/?utm_source=buyme&utm_medium=referral&utm_campaign=buyme_website_referral","054-5440404","In-store"
"תמר שיין פז","https://tamarshainpaz.co.il/","052-3879796","In-store"
"A DAY IN A LIFE","https://adayinalife.com/","052-263-9447","In-store"
"Aberto","http://www.aberto.co.il/","08-6680066","In-store"
"Abraham Hostel","https://abrahamhostels.com/tel-aviv/he/","03-6249200","In-store"
"Adam Hotels","https://adam-hotels.com/","073-3977070","In-store"
"ADAMA","http://www.studioadama.com","0545756108","In-store"
"adidas","http://www.adidas.co.il/he?utm_source=buyme&utm_medium=referral&utm_campaign=buyme_website_referral","03-6505321","In-store"
"ADSEA","https://adsea.co.il/?utm_source=buyme&utm_medium=referral&utm_campaign=buyme_website_referral","052-7255367","Online"
"Aerie","http://www.ae.com/aerie/index.jsp?catId=cat4840006","039051740  ","In-store"
"Afrodita","https://www.afrodita.co.il","08-9330568","Online"
"agenda","https://agendarest.co.il/","04-6262092","In-store"
"AHAVA","https://www.ahava.co.il/","shopisrael@ahava.com","In-store"
"AIMEE","https://aimeetlv.com/?utm_source=buyme&utm_medium=referral&utm_campaign=buyme_website_referral","054-7202717","Online"
"AIRTLV","https://humi.co.il/en/airtlv-eng/?utm_source=cpc&utm_medium=cpc&reffrom=google_ads&gclid=Cj0KCQjw2qKmBhCfARIsAFy8buJEbDimJDqt9wCLvuo8-XrVHYcyyHmhpUv57y_bTaZjpvnEPb4-ajsaAi_tEALw_wcB","050-2004883","In-store"
"ALALI","https://alalitlv.co.il/?utm_source=buyme&utm_medium=referral&utm_campaign=buyme_website_referral","0509077811","In-store"
"ALAYA POLEG","https://www.alayapoleg.com/?utm_source=MAVEN&gad_campaignid=20032487938&gclid=Cj0KCQiAq7HIBhDoARIsAOATDxBfcSSaqnh-PQ19DSk4u8-24yDrgZYbMcVNUxAlBAhp4RV_2KjyY3saAmQeEALw_wcB&gbraid=0AAAAApkGuDrEU1FvDK6FM0B9hKHzU57x6&utm_campaign=BRAND&gad_source=1&utm_medium=GOOGLE","0509543033","In-store"
"ALBI HOTELS","https://albihotels.com/","02-5909412","In-store"
"ALDO","https://www.aldoshoes.co.il/?utm_source=buyme&utm_medium=referral&utm_campaign=buyme_website_referral","02-5350701","Online"
"Alef Alef","https://www.alefalef.co.il/?utm_source=buyme&utm_medium=referral&utm_campaign=buyme_website_referral","0546719830","Online"
"ALLSAINTS","https://storyonline.co.il/","03-9112318","In-store"
"Alltech","https://www.alltech.co.il/","03-9213535","In-store"
"almaré","https://www.almareofficial.com/?utm_source=buyme&utm_medium=referral&utm_campaign=buyme_website_referral","0508489477","Online"
"Alonella","https://alonella.co.il/","054-5991125","In-store"
"ALTRA","https://altrarunning.co.il/?utm_source=buyme&utm_medium=referral&utm_campaign=buyme_website_referral","0549192611","Online"
"AMA-LURRA","https://ama-lurra.com/?utm_source=buyme&utm_medium=referral&utm_campaign=buyme_website_referral","0773214063","Online"
"American Eagle","http://www.aeo.co.il/","039051740  ","In-store"
"Ananda Spa","https://anandaspa.co.il/","-","In-store"
"Anat Friedman","https://anatfriedman.com/","02-5336946, 0548939494","In-store"
"antonyoni","https://antonyoni.com/workshops/?v=88588bacf0da","050-64772827","In-store"
"APRIL","https://www.april.co.il/","1-700-70-11-33","In-store"
"Arcaffe","https://www.arcaffe.co.il/","03-7556888","In-store"
"ARCOSTEEL KITCHEN","https://www.arcosteel.co.il/html5/?_id=12970&did=10326&G=12970","03-5181558","In-store"
"ARDO","https://ardo.co.il/?utm_source=buyme&utm_medium=referral&utm_campaign=buyme_website_referral","09-7902306","Online"
"Art Time","https://arttime.co.il/","050-5900994","In-store"
"ARTERRA","https://artedterra.co.il/?utm_source=buyme&utm_medium=referral&utm_campaign=buyme_website_referral","0502626293","Online"
"ASA Izakaya","https://ontopo.com/en/il/page/99180045","073-26655555","In-store"
"ASAF & TOMER","https://www.asafandtomer.co.il/?utm_source=&utm_medium=&utm_campaign=","0543510602","In-store"
"ASK Q","https://www.askqbynoa.com/?utm_source=buyme&utm_medium=referral&utm_campaign=buyme_website_referral","053-3544716","Online"
"Assemblage Boutique Hotel","https://assemblageboutiquehotel.com/","077-7066760","In-store"
"ATA","https://atawear.co.il/?utm_source=buyme&utm_medium=referral&utm_campaign=buyme_website_referral","054-8060427","Online"
"Axe and Co","https://axenco.co.il/","055-7051074","In-store"
"AYUCHKA","https://he.ayuchka.com/","054-5522775","In-store"
"BABY BREZZA","https://babybrezza.co.il/?utm_source=buyme&utm_medium=referral&utm_campaign=buyme_website_referral","054-2502601","Online"
"BABY MIT MIT","http://www.babymitmit.com/","050-6576798","In-store"
"BABY STORY","https://babystory.co.il/?utm_source=buyme&utm_medium=referral&utm_campaign=buyme_website_referral","054-3222265","Online"
"Babybjorn","https://www.babybjorn-israel.co.il/?utm_source=buyme&utm_medium=referral&utm_campaign=buyme_website_referral","‎03 5407999","Online"
"Babystar","https://www.baby-star.co.il/?utm_source=buyme&utm_medium=referral&utm_campaign=buyme_website_referral","1-700-555-666","Online"
"Balaguna","","054-3051127","In-store"
"BalleriMa","https://momhug.wordpress.com/","052-3357227","In-store"
"BARBIZ","https://barbiz.shop/?utm_source=buyme&utm_medium=referral&utm_campaign=buyme_website_referral","0549966667","Online"
"BARCOM","http://www.barcom.co.il/","1700704700","In-store"
"BAYTON","https://www.globalonline.co.il/brands/bayton?gad_source=1&gad_campaignid=22804363660&gbraid=0AAAAACKoOz9ZUTXsbRwy14el3aPMTrahK&gclid=Cj0KCQjwmYzIBhC6ARIsAHA3IkS7ouIEHRWEgn-j8NUt5jEPHcBWs9K2W-A214XcxbG5SOpv7eONq3gaAnCMEALw_wcB","03-3733188","In-store"
"bbhugme","https://bbhugme.co.il//?utm_source=buyme&utm_medium=referral&utm_campaign=buyme_website_referral","0542502601","Online"
"Be Tel Aviv Tours","http://www.betelavivtours.com","052-6458779‏","In-store"
"Beer Garden","https://www.beergarden.co.il/","03-6544334","In-store"
"Belago איטלקית באגם","https://belago.co.il/?utm_source=buyme&utm_medium=referral&utm_campaign=buyme_website_referral","035449977","In-store"
"Biamba","https://biamba.co.il/?utm_source=buyme&utm_medium=referral&utm_campaign=buyme_website_referral","0777298846","Online"
"Biliblond","https://biliblond.com/?utm_source=buyme&utm_medium=referral&utm_campaign=buyme_website_referral","-","Online"
"Billabong","http://www.boardshop.co.il/","039051740  ","In-store"
"BIMBA Y LOLA","https://chozen.co.il/","-","In-store"
"Bina & Bino","https://www.binaandbino.com/?utm_source=buyme&utm_medium=referral&utm_campaign=buyme_website_referral","052-5015022","Online"
"BLUEBERRY","https://blueberrytlv.co.il/?utm_source=buyme&utm_medium=referral&utm_campaign=buyme_website_referral","info@blueberrytlv.co.il","Online"
"Boardriders","https://www.boardriders.com/","03-9050214","In-store"
"BOBBI BROWN","https://www.bobbibrown.co.il/?utm_source=buyme&utm_medium=referral&utm_campaign=buyme_website_referral","03-7770888","In-store"
"Body and Soul","http://www.soulandbody.co.il/","08-6373861","In-store"
"Bodymotion","https://bodymotion.co.il/","039595355","In-store"
"BOGART","https://bogart.co.il/?srsltid=AfmBOoqgbT5NbribOjJgRBphPSL_iSl2EI8GaiwhzZRI12d_0T6WPg1V","1-700-55-66-85","In-store"
"BONIC","https://bonic.co.il/?utm_source=buyme&utm_medium=referral&utm_campaign=buyme_website_referral","0549925808","Online"
"BOOLCACTUS","https://www.boolcactus.com","052-6205235","In-store"
"BOOSA & CO","https://boosa.co/?utm_source=buyme&utm_medium=referral&utm_campaign=buyme_website_referral","03-3819223","Online"
"Box and bellz","https://boxandbellz.com/he/home","053-4300167","In-store"
"Brainit","http://brainit.co.il/","072-3923987","In-store"
"BRANT","https://www.brant-studio.com/?utm_source=buyme&utm_medium=referral&utm_campaign=buyme_website_referral","0524414005","Online"
"Brasseri 18","https://brasstlv.co.il/","03-5472548","In-store"
"BRETONNE","https://bretonne.co.il/","03-6358221","In-store"
"BROWNIE","https://chozen.co.il/brands/brand/brownie.html","03-5711936","In-store"
"Bugaboo","https://www.bugaboo-distributor.co.il/?utm_source=buyme&utm_medium=referral&utm_campaign=buyme_website_referral","‎03 5407999","Online"
"BUMPERS","https://bumpersisrael.com/?utm_source=buyme&utm_medium=referral&utm_campaign=buyme_website_referral","054-8222116","Online"
"Buona Casa","https://buonacasa.co.il/?utm_source=buyme&utm_medium=referral&utm_campaign=buyme_website_referral","052-6376374","Online"
"Burger Box כפר עציון","https://www.burger-box.co.il/","9489*","In-store"
"Burger King","https://www.burgerking.co.il/","0522865116 whatsapp בלבד","In-store"
"BuyCarpet","https://www.buycarpet.co.il/?utm_source=buyme&utm_medium=referral&utm_campaign=buyme_website_referral","09-7444958","Online"
"byMemmis","https://bymemmis.com/?utm_source=buyme&utm_medium=referral&utm_campaign=buyme_website_referral","0543971722","Online"
"BYNETA","https://byneta.com/?utm_source=buyme&utm_medium=referral&utm_campaign=buyme_website_referral","039004700","Online"
"C. baby group","https://cbabygroup.com/?utm_source=buyme&utm_medium=referral&utm_campaign=buyme_website_referral","055-5028581","Online"
"CADABRA","https://www.yaarit-jewelry.com/?utm_source=buyme&utm_medium=referral&utm_campaign=buyme_website_referral","052-6618919","Online"
"CAFE MAYER","https://www.facebook.com/cafemayer.tlv/","03-5225622","In-store"
"Cafe Popular","https://www.cafepopular.co.il/?utm_source=buyme&utm_medium=referral&utm_campaign=buyme_website_referral","03-5552020","In-store"
"CAFE TAIZU","https://www.taizu.co.il/lunchmenu/%d7%a7%d7%a4%d7%94-%d7%98%d7%90%d7%99%d7%96%d7%95/?utm_source=buyme&utm_medium=referral&utm_campaign=buyme_website_referral","077-2302509","Online"
"Callisto Art","https://callisto-art.com/?utm_source=buyme&utm_medium=referral&utm_campaign=buyme_website_referral","054-4588596","Online"
"CALZEDONIA","https://interfashion.co.il/pages/calzedonia?srsltid=AfmBOorNaRx-DBby3sR3BWZNGMALMM5UYOZj--qQCkU4p1-bNLpwAM7q%2F%3Futm_source%3Dbuyme&utm_medium=referral&utm_campaign=buyme_website_referral","055-9725058","In-store"
"Camel Mountain","https://www.camelmountain.co.il/?utm_source=buyme&utm_medium=referral&utm_campaign=buyme_website_referral","03-5166336","Online"
"Candid","https://www.candid.co.il/","050-7656580","In-store"
"CANDLE CLUB","https://www.candle-club.com/?utm_source=buyme&utm_medium=referral&utm_campaign=buyme_website_referral","054-835-0038","Online"
"CAPRI","https://www.capri.co.il/","036989815","In-store"
"CARLTON Tel Aviv","https://www.carlton.co.il/en/?utm_source=buyme&utm_medium=referral&utm_campaign=buyme_website_referral","03-5201820","In-store"
"CAROLINA LEMKE","https://www.carolinalemke.co.il/","*6882","In-store"
"Carter's/Oshkosh","https://www.cartersoshkosh.co.il/?utm_source=buyme&utm_medium=referral&utm_campaign=buyme_website_referral","03-3737117","Online"
"Casa Bella","http://Casabella.co.il?utm_source=buyme&utm_medium=referral&utm_campaign=buyme_website_referral","053-4319760","Online"
"Casa Do Brasil - אילת","http://www.casadobrasil.co.il","08-6323032","In-store"
"casa suzanna","https://suzannahotel.co.il/?gad_source=1&gbraid=0AAAAA-0QN83D6xZ00NXv0u6ZyxQwwmp8C&gclid=Cj0KCQjwhYS_BhD2ARIsAJTMMQZkjX2Mi7pAFXxSPg07prewnb_PGZiEQA-7Quyn6QjPE0lMo5l4NAUaArkEEALw_wcB","033811181","In-store"
"CASTRO","https://www.castro.com/?utm_source=buyme&utm_medium=referral&utm_campaign=buyme_website_referral","1-800-266-066","Online"
"CASTRO HOME","https://www.castro.com/?utm_source=buyme&utm_medium=referral&utm_campaign=buyme_website_referral","1-800-266-066","Online"
"Ceramora","https://ceramora.com/?utm_source=buyme&utm_medium=referral&utm_campaign=buyme_website_referral","052-229-5652","Online"
"CEZAR","https://cezar.co.il/?utm_source=buyme&utm_medium=referral&utm_campaign=buyme_website_referral","089465444","In-store"
"charme tlv","https://charmetlv.com/","054-240-0982","In-store"
"chen keidar","https://chenkeidar.com/?utm_source=buyme&utm_medium=referral&utm_campaign=buyme_website_referral","054-4860002","Online"
"CHEZ VIVIE","https://ontopo.com/he/il/page/chezvivie?source=instagram","053-5409272","In-store"
"CHILL","https://www.chill-shop.co.il/?utm_source=buyme&utm_medium=referral&utm_campaign=buyme_website_referral","050-8810728","Online"
"Choose Your Cookies","https://www.choose-your-cookies.com/?utm_source=buyme&utm_medium=referral&utm_campaign=buyme_website_referral","03-6780886","Online"
"CHOZEN","https://chozen.co.il/collections/brownie/?utm_source=buyme&utm_medium=referral&utm_campaign=buyme_website_referral","073-2695660","Online"
"CHRISTINA","https://www.christina.co.il/?utm_source=buyme&utm_medium=referral&utm_campaign=buyme_website_referral","054-7774825","Online"
"Claro","http://www.clarotlv.com/","03-6017777","In-store"
"CLAY HOUSE","https://www.clayhousetlv.com/","0544728741","In-store"
"ClaylaTLV","https://www.claylatlv.com/?utm_source=buyme&utm_medium=referral&utm_campaign=buyme_website_referral","054-9051221","In-store"
"clearly","https://clearly.co.il/?utm_source=buyme&utm_medium=referral&utm_campaign=buyme_website_referral","0505021234","Online"
"CLINIQUE","https://www.clinique.co.il/?utm_source=buyme&utm_medium=referral&utm_campaign=buyme_website_referral","03-7770888","In-store"
"COCONUT LOVE","https://coconutlove.co/?utm_source=buyme&utm_medium=referral&utm_campaign=buyme_website_referral","054-9349342","Online"
"COLOR CAFE","https://www.colorcafe.shop/","050-7817012","In-store"
"COLORIA TLV","https://www.facebook.com/people/Coloria-TLV/61573749634749/?_rdr","0549906653","In-store"
"Converse","","039051740  ","In-store"
"Cook and Bake","http://www.cook-bake.co.il/","1800-800-196","In-store"
"COS","https://www2.hm.com/hw_il/ladies/brands/cos.html?utm_source=google&utm_medium=cpc&utm_campaign=search-brand-cos&gad_source=1&gad_campaignid=23357021470&gbraid=0AAAAAC7KI49JYhYyi_A1s_BXN67YDLyxy&gclid=Cj0KCQjwgr_NBhDFARIsAHiUWr6RRnpEJWkLtDY_jEOCu7I526lf92DvA6yPXPLj84fs6fseo5ORYaUaAuDaEALw_wcB/?utm_source=buyme&utm_medium=referral&utm_campaign=buyme_website_referral","074-7157321","In-store"
"COTTON CLUB","https://cottonclub.co.il/?utm_source=buyme&utm_medium=referral&utm_campaign=buyme_website_referral","0747698668","Online"
"Crazy Line","https://www.crazyline.com/?utm_source=buyme&utm_medium=referral&utm_campaign=buyme_website_referral ","08-9325019","In-store"
"Creatures of Habit","https://cohjewelry.com/he?utm_source=buyme&utm_medium=referral&utm_campaign=buyme_website_referral","0552639716","Online"
"Crocs","https://weshoes.co.il/collections/crocs?gad_source=1&gad_campaignid=21251538692&gbraid=0AAAAADQuxqzQcCq5y2YLnJAM8QvT6qGWt&gclid=Cj0KCQiArOvIBhDLARIsAPwJXObfhIV_P3L1enhnn_J7t7eLsrWV4zUXLOsEDTsj4k81Lti7Kb4ODKAaArJHEALw_wcB","03-6213033","In-store"
"Crown club","https://www.crownclub.co.il/about","04-6508007","In-store"
"CUE","https://cuetlv.com/?utm_source=buyme&utm_medium=referral&utm_campaign=buyme_website_referral","077-303-4155","In-store"
"Daisy mei","https://daisymei.co/?utm_source=buyme&utm_medium=referral&utm_campaign=buyme_website_referral","054-4240701","Online"
"Dance Tel Aviv","http://www.dancetelaviv.co.il/","03-5220215","In-store"
"Danielle Gerber","https://daniellegerber.co.il/?utm_source=buyme&utm_medium=referral&utm_campaign=buyme_website_referral","052-227-4869","Online"
"Daphne Skin","https://daphneskin.com/?utm_source=buyme&utm_medium=referral&utm_campaign=buyme_website_referral","0528647776","Online"
"DARYA","https://d-a-r-y-a.store/.co.il?utm_source=buyme&utm_medium=referral&utm_campaign=buyme_website_referral","054-8940822","Online"
"DASI Boutique Experience","https://www.dasiboutique.co.il/?utm_source=&utm_medium=&utm_campaign=","0502162009","In-store"
"Daysy","https://daysy.co.il/?utm_source=buyme&utm_medium=referral&utm_campaign=buyme_website_referral"," 03-9492000","Online"
"De Beer","http://www.de-beer.co.il","077-6160061","In-store"
"DÉ FACTO","https://www.defacto-tlv.com/?utm_source=buyme&utm_medium=referral&utm_campaign=buyme_website_referral","⁦077-938-6172⁩","In-store"
"Dé Rococo","https://www.de-rococo.co.il/?utm_source=buyme&utm_medium=referral&utm_campaign=buyme_website_referral","03-9595101","Online"
"decorado","https://www.decorado.co.il/","0772003632","In-store"
"Deep siam","https://www.deepsiam.co.il/","0723334740","In-store"
"Deli Queso","","03-6391004","In-store"
"DELI VINO","https://www.delivino.co.il/","09-7902201","In-store"
"DENIM BAR","https://www.facebook.com/DenimDrinksFirst#?utm_source=buyme&utm_medium=referral&utm_campaign=buyme_website_referral","054-8688383","In-store"
"Desert HOM By Glow","https://glow-glamping.co.il/resort/desert-hom-by-glow/?utm_source=&utm_medium=&utm_campaign=&utm_source=&utm_medium=&utm_campaign=","073-3715222","In-store"
"Desigual","https://chozen.co.il/brands/brand/desigual.html","073-2695650","In-store"
"DeVine","https://www.devine.co.il/","03-5445130","In-store"
"Dixie","https://www.dixie.co.il/?utm_source=buyme&utm_medium=referral&utm_campaign=buyme_website_referral","03-6966123","Online"
"DKNY","https://www.globalonline.co.il/brands/dkny?srsltid=AfmBOoqFbge0rCtZLNh-D0rM7x75s-qReclN0lRhdeRmKo2y-5fYULhn","03-3733188","In-store"
"DOLĆE MILA","https://www.milas.co.il/dolce-mila?utm_source=buyme&utm_medium=referral&utm_campaign=buyme_website_referral","0732377030","In-store"
"DOMO","https://www.facebook.com/domoIL?rdid=KNoaYjbOkErBTZCW&share_url=https%3A%2F%2Fwww.facebook.com%2Fshare%2F1FH19LREoW%2F#","03-5181558","In-store"
"Don't tell Mama","https://www.donttellmama-studio.com/?utm_source=buyme&utm_medium=referral&utm_campaign=buyme_website_referral","058-7560008","Online"
"Donna Victoria","https://donnavictoria.co.il/","054-6836371","In-store"
"DREAM SPORT","https://www.dreamcard.co.il/DREAM_SPORT","03-623-8230","In-store"
"DREAME","https://www.dreame-israel.co.il/?utm_source=buyme&utm_medium=referral&utm_campaign=buyme_website_referral","8959*","Online"
"DRIX GAME CAFE","https://www.drixhaifa.com/?utm_source=buyme&utm_medium=referral&utm_campaign=buyme_website_referral","053-9604226","In-store"
"DRONDEN","https://dronden.co.il/?utm_source=&utm_medium=&utm_campaign=","0548187272","In-store"
"EATALIA","https://eatalia-israel.co.il/","03-6989820","In-store"
"Eats Cafeteria","https://www.eatscafeteria.com/","052-6611302","In-store"
"Eazy2gift","https://eazy2gift.co.il/?utm_source=buyme&utm_medium=referral&utm_campaign=buyme_website_referral","055-7125510","Online"
"econawa","https://econawa.co/?utm_source=buyme&utm_medium=referral&utm_campaign=buyme_website_referral","0524473136","Online"
"Ecosupp","https://ecosupp.co.il/?utm_source=buyme&utm_medium=referral&utm_campaign=buyme_website_referral","1801226226","Online"
"ELIT SWIMWEAR","https://elitswimwear.co.il/?utm_source=buyme&utm_medium=referral&utm_campaign=buyme_website_referral","050-3455377","Online"
"ellesse","https://ellesse.com//?utm_source=buyme&utm_medium=referral&utm_campaign=buyme_website_referral","0732505050","In-store"
"EMPORIUM","https://www.emporium.co.il/?utm_source=buyme&utm_medium=referral&utm_campaign=buyme_website_referral","09-9605600","Online"
"ENERGYM","https://energym.co.il/?utm_source=buyme&utm_medium=referral&utm_campaign=buyme_website_referral","054-2500152","Online"
"Enerjucier","https://www.facebook.com/enerjuicerisrael/","03-6018282","In-store"
"ERA  ACTIVE","https://www.era-active.com/?utm_source=buyme&utm_medium=referral&utm_campaign=buyme_website_referral","0505479238","Online"
"Erborian","https://il.erborian.com/","03-5015508","In-store"
"Erroca by Super-Pharm","https://erroca.co.il/","054-6701116","In-store"
"ESKIMOS","https://www.eskimos.co.il/","054-4538030","In-store"
"ESTEE LAUDER","https://www.esteelauder.co.il/?utm_source=buyme&utm_medium=referral&utm_campaign=buyme_website_referral","03-7770888","In-store"
"Eureka Workshop","https://eureka-jaffa.com/","054-866-6262","In-store"
"ÉVE PROMETICS","https://evepro.co.il/?utm_source=buyme&utm_medium=referral&utm_campaign=buyme_website_referral","054-4447265","Online"
"EVER LAB","https://ever-lab.co/","079-6299299","In-store"
"Extreme","https://asabro.co.il/","1700-555-170","In-store"
"Eye Glow","https://www.eyeglow.co.il/?utm_source=buyme&utm_medium=referral&utm_campaign=buyme_website_referral","055-9662785","Online"
"FANTASTIC","https://www.fantastictlv.com/","03-5164700","In-store"
"Femina","https://femina.co.il/?utm_source=buyme&utm_medium=referral&utm_campaign=buyme_website_referral","03-7710710","Online"
"FESTIVE","https://festive.co.il/?utm_source=buyme&utm_medium=referral&utm_campaign=buyme_website_referral","050-967-8292","Online"
"FINE RITUALS","https://www.fine-rituals.com/?utm_source=buyme&utm_medium=referral&utm_campaign=buyme_website_referral","050-7103009","Online"
"FIORI","http://www.fioritlv21.co.il/","03-5530160","In-store"
"Fit House","https://fithouse.co.il/","053-4774367","In-store"
"Floralis","https://www.floralis.co.il/?utm_source=buyme&utm_medium=referral&utm_campaign=buyme_website_referral","03-9568710","Online"
"FLY AWAY","https://www.flyaway.co.il/","055-8900100","In-store"
"FLYBYFLY","https://www.flybyfly.co.il/?utm_source=buyme&utm_medium=referral&utm_campaign=buyme_website_referral"," 03-6139731","Online"
"FlyFoot","https://www.flyfoot.co.il/?utm_source=buyme&utm_medium=referral&utm_campaign=buyme_website_referral","-","In-store"
"Flying Tiger","",".","In-store"
"Food Appeal","https://www.foodappeal-online.com/?utm_source=buyme&utm_medium=referral&utm_campaign=buyme_website_referral/","03-6947080","Online"
"FOOD TERMINAL","https://www.foodterminal.co.il/?utm_source=buyme&utm_medium=referral&utm_campaign=buyme_website_referral","03-7580000","Online"
"Foody","https://foody.co.il/?gclid=EAIaIQobChMI4djh8afa5AIVlM13Ch0cYwyDEAAYASAAEgJMhPD_BwE"," 052-2406169","In-store"
"Foot Locker","https://footlocker.co.il/?utm_source=buyme&utm_medium=referral&utm_campaign=buyme_website_referral","039051740  ","Online"
"Forever21","https://www.oneprojectshop.com/collections/forever-21?srsltid=AfmBOorFo3V4qd5lxeDwoPtJHx1wm-XeXR49NGM9YECl_vD2mQydJhPm","052-5402100","In-store"
"ForeverTold","https://forevertold.co.il/?utm_source=buyme&utm_medium=referral&utm_campaign=buyme_website_referral","0557216813","Online"
"FOX","http://www.fox.co.il","03-9051740","Online"
"Fox Home","http://www.foxhome.co.il","039051740  ","Online"
"Frame Sushi Bar | Unniko Sushi","https://frame-sushibar.co.il//","03-6498080","In-store"
"FRANGELICO","https://frangelicobar.com/?utm_source=buyme&utm_medium=referral&utm_campaign=buyme_website_referral","9290*","In-store"
"Freefit","https://freefit.co.il/","03-3730300","In-store"
"G-CONCEPT","https://www.globalonline.co.il/","054-4455316","In-store"
"Gaby's","https://gabys.co.il/?utm_source=buyme&utm_medium=referral&utm_campaign=buyme_website_referral","0544633540","Online"
"GADE","http://www.gade.co.il?utm_source=buyme&utm_medium=referral&utm_campaign=buyme_website_referral","09-7666200","Online"
"GAL GONEN","https://galgonen.com/?utm_source=buyme&utm_medium=referral&utm_campaign=buyme_website_referral","050-6570207","Online"
"Gali","https://www.gali.co.il/?utm_source=buyme&utm_medium=referral&utm_campaign=buyme_website_referral","1-700-70-78-79","Online"
"Gambino retro X","https://www.gambino.co.il//?utm_source=buyme&utm_medium=referral&utm_campaign=buyme_website_referral","0553030454","Online"
"GANT","https://www.gant.co.il/?utm_source=google&utm_id=22516076335&utm_term=gant%20%D7%99%D7%A9%D7%A8%D7%90%D7%9C&utm_content=750381642710&utm_medium=cpc&gad_source=1&gad_campaignid=22516076335&gbraid=0AAAAACo76E4COgSsii8L2SgQm999byB05&gclid=Cj0KCQjwmYzIBhC6ARIsAHA3IkQrNckRAG0LhkHVF0D5nhOumCtn3IdNNXVUwIh-1skKLGMHNdz6PTQaAqitEALw_wcB","03-5412323","In-store"
"Garmin","https://www.garmin.co.il/","0732446060","In-store"
"Gatsby","https://www.gatsby.co.il/?utm_source=buyme&utm_medium=referral&utm_campaign=buyme_website_referral","054-8147143","In-store"
"Getaway by BUYME","https://getaway.buyme.co.il/?utm_source=buyme&utm_medium=referral&utm_campaign=buyme_website_referral","-","Online"
"GIN CLUB","https://ginclubsupreme.co.il/?utm_source=buyme&utm_medium=referral&utm_campaign=buyme_website_referral","058-7060111 ","In-store"
"Giraffe","https://www.giraffe.co.il/?utm_source=buyme&utm_medium=referral&utm_campaign=buyme_website_referral","3607*","In-store"
"Gitta bags","https://gittabags.com/?utm_source=buyme&utm_medium=referral&utm_campaign=buyme_website_referral","08-9442394","Online"
"Give a SMILE‎ by BUYME","https://buyme.giveasmile.me/?utm_source=buyme&utm_medium=referral&utm_campaign=buyme_website_referral","0","Online"
"GLO jewelries","https://www.glo-jewelries.com/?utm_source=buyme&utm_medium=referral&utm_campaign=buyme_website_referral","0544234100","Online"
"GLOBAL BRANDS","https://www.globalonline.co.il/","03-3733188","In-store"
"GOLBARY","https://www.golbary.co.il/?utm_source=buyme&utm_medium=referral&utm_campaign=buyme_website_referral","073-7597171","Online"
"Golf Kids","http://www.golfco.co.il/","03-6451515","In-store"
"GOLF&CO","http://www.golfco.co.il/","03-6451515","In-store"
"Gon Surfing","https://houseofgon.com/?utm_source=buyme&utm_medium=referral&utm_campaign=buyme_website_referral","0543108416","Online"
"Good Morning Sunshine","https://www.sunshine.co.il/?utm_source=buyme&utm_medium=referral&utm_campaign=buyme_website_referral",".","In-store"
"GOOM","https://goom.co.il/?utm_source=buyme&utm_medium=referral&utm_campaign=buyme_website_referral","055-7296670","Online"
"GOVANA Fashion","https://govana.co.il/?utm_source=buyme&utm_medium=referral&utm_campaign=buyme_website_referral","050-8991444","Online"
"Grinberg Burger","https://www.grinbergburger.co.il/lp/gb?utm_source=buyme&utm_medium=referral&utm_campaign=buyme_website_referral","03-6703626","Online"
"GROOVIM","https://groovim.co.il/?utm_source=buyme&utm_medium=referral&utm_campaign=buyme_website_referral","0553054943 ","Online"
"GUESS","https://www.globalonline.co.il//?utm_source=buyme&utm_medium=referral&utm_campaign=buyme_website_referral","03-3733188","In-store"
"Guilty","https://www.guilty.co.il/?utm_source=buyme&utm_medium=referral&utm_campaign=buyme_website_referral","1-800-5000-47","Online"
"Guy Eitani healing","https://guyeitani.com/?utm_source=&utm_medium=&utm_campaign=","054-7975800","In-store"
"H&M","http://www.hm.com/il/?utm_source=buyme&utm_medium=referral&utm_campaign=buyme_website_referral","052-5909957","In-store"
"H&M HOME","http://www.hm.com/il/","074-7155555","In-store"
"H&O","https://www.h-o.co.il/?utm_source=buyme&utm_medium=referral&utm_campaign=buyme_website_referral","03-3737117","Online"
"H&O ו- Carter's/Oshkosh","http://www.h-o.co.il/","1700-700-470","Online"
"H&O Kids","https://www.h-o.co.il/?gad_source=1&gad_campaignid=20978918357&gbraid=0AAAAApLCf_I_GbL4Vw78zTQgNVp-Jn76x&gclid=CjwKCAiA_dDIBhB6EiwAvzc1cOUR4RrQLgTPzlod8js653jNmng4Z9TrEJBI6ERPKEG07-a-nmGD8xoCfl0QAvD_BwE","03-3737117","In-store"
"Hackett","https://www.g-box.co.il/hackett","035412323","In-store"
"HACKETT & GANT","https://www.gant.co.il/","035412323","In-store"
"Happy Hempy","https://www.happy-hempy.com/?utm_source=buyme&utm_medium=referral&utm_campaign=buyme_website_referral","0546200699","Online"
"HAPPY LEMON","","089325019","In-store"
"Head Spa Israel","https://calmark.io/p/yisId?utm_source=buyme&utm_medium=referral&utm_campaign=buyme_website_referral","0505672024","In-store"
"HELENA","","03-6536090","In-store"
"HELENA- מותג אופנה","https://helenatlv.com/?utm_source=buyme&utm_medium=referral&utm_campaign=buyme_website_referral","054-3580511","Online"
"Hili Toys","https://hilitoys.co.il/?utm_source=buyme&utm_medium=referral&utm_campaign=buyme_website_referral","0557233611","Online"
"Hilisplay","https://hilisplay.com/?utm_source=buyme&utm_medium=referral&utm_campaign=buyme_website_referral","073-3743322","Online"
"Hipster","https://hipsterstyle.co.il/?utm_source=buyme&utm_medium=referral&utm_campaign=buyme_website_referral","052-9767667","Online"
"HOLYLAND CIVILIANS","https://holylandcivilians.com/?utm_source=buyme&utm_medium=referral&utm_campaign=buyme_website_referral","0556639995","Online"
"HOME DECOR","https://www.home-decor.co.il/?utm_source=buyme&utm_medium=referral&utm_campaign=buyme_website_referral","08-9999880","Online"
"Homegrown","https://homegrown-pro.com/","0524438303","In-store"
"HOMY","https://homytlv.com/","077-3601600 (וואטסאפ)","In-store"
"HOODIES","http://www.hoodies.co.il/","03-9032589","In-store"
"HOTCROWN Jewelry","http://www.hotcrown.co.il?utm_source=buyme&utm_medium=referral&utm_campaign=buyme_website_referral","072-2991000","Online"
"Hotel Lear Sense","https://www.learhotel.co.il/?reffrom=googleads_il_he_brand&gclid=EAIaIQobChMIoNXI_tTW6wIVmKZ3Ch0bmABwEAAYASAAEgI9R_D_BwE","08-668-0088","In-store"
"HOUSE OF JOY SPA","https://houseofjoyspa.com/?utm_source=buyme&utm_medium=referral&utm_campaign=buyme_website_referral","050-5274468","In-store"
"HUB-ility","https://hub-ility.com/?utm_source=buyme&utm_medium=referral&utm_campaign=buyme_website_referral","052-9212270","Online"
"I AM LITTLE","https://did.li/0MnmC","055-9973134","In-store"
"I JUMP","http://www.ijump.co.il?utm_source=buyme&utm_medium=referral&utm_campaign=buyme_website_referral","03-5522022","In-store"
"I Optic","https://www.i-optic.co.il/","1-700-555-112","In-store"
"iBags וקיפלינג","https://www.ibags.net/","08-8681315","In-store"
"ICE CUBE","https://ice-cube.co.il/","info@ice-cube.co.il","In-store"
"Ice healing center","https://www.icehealingcenter.co.il/?utm_source=buyme&utm_medium=referral&utm_campaign=buyme_website_referral","052-2487621","In-store"
"ICONIX","https://iconix.co.il/?utm_source=buyme&utm_medium=referral&utm_campaign=buyme_website_referral","09-7664811","Online"
"IL MAKIAGE","https://www.ilmakiage.co.il/?utm_source=buyme&utm_medium=referral&utm_campaign=buyme_website_referral","1-700-700-345","Online"
"Imahot","https://imahot-design.com/?utm_source=buyme&utm_medium=referral&utm_campaign=buyme_website_referral","052-3494220","Online"
"IMRACING","https://imracing.co.il/","054-6464698","In-store"
"INCENSE","https://incenseparfums.com/?utm_source=buyme&utm_medium=referral&utm_campaign=buyme_website_referral","0535353700","Online"
"inhale exhale","https://www.inhaleexhale.co.il/?utm_source=buyme&utm_medium=referral&utm_campaign=buyme_website_referral","054-7567547","Online"
"INK HOTEL","https://inkhotel.com/","03-5030088","In-store"
"Instablock","https://instablock.com/?utm_source=buyme&utm_medium=referral&utm_campaign=buyme_website_referral","0548899538","Online"
"Intech","https://intech-trade.co.il/?utm_source=buyme&utm_medium=referral&utm_campaign=buyme_website_referral","053-371-6600","Online"
"INTER JEANS BY NYOU","https://www.nine72.com/pages/stores?srsltid=AfmBOorFKrMqSrkeD77CME29oSUktQ79ZDZqaAFdyCdIEb2Gylcszl7A","074-7695903","In-store"
"Intimissimi","https://interfashion.co.il/pages/intimissimi/?utm_source=buyme&utm_medium=referral&utm_campaign=buyme_website_referral","055-9725058","In-store"
"INTOTO","https://intoto.co.il/","052-5944476","In-store"
"IROBOT","https://irobot.co.il/?utm_source=buyme&utm_medium=referral&utm_campaign=buyme_website_referral","*3055","In-store"
"Ironline","https://ironline.co.il/?utm_source=buyme&utm_medium=referral&utm_campaign=buyme_website_referral","050-4348880","Online"
"Israel-2GO","https://israel-2go.co.il/","053-7477785","In-store"
"IT MOMZ","https://www.itmomz.com//?utm_source=buyme&utm_medium=referral&utm_campaign=buyme_website_referral","077-7121217","Online"
"ITAY BRANDS","https://www.itaybrands.co.il/?utm_source=buyme&utm_medium=referral&utm_campaign=buyme_website_referral","055-9985505","Online"
"IZEN SPA","http://www.izenspa.co.il","054-4548716","In-store"
"JACK KUBA","https://jack-kuba.co.il/?utm_source=buyme&utm_medium=referral&utm_campaign=buyme_website_referral","03-6530408","Online"
"Jah Spa אילת","https://argamanspa.co.il/ ","052-9707717","In-store"
"Jah Spa הרצליה","https://argamanspa.co.il/ ","052-9707707","In-store"
"Jah Spa קיסריה","https://www.facebook.com/profile.php?id=100094258283926","052-9707711","In-store"
"JanSport","https://www.jansport.co.il?utm_source=buyme&utm_medium=referral&utm_campaign=buyme_website_referral","0549192611","Online"
"JAPAN-JAPAN","https://www.japan-japan.co.il/?utm_source=buyme&utm_medium=referral&utm_campaign=buyme_website_referral","*3304","Online"
"JEM'S","https://www.jems.co.il/","https://www.jems.co.il/branches/","In-store"
"Jet Lag","http://jetlag.co.il","04-8804102 ","In-store"
"JEZ V","https://jez.co.il/?utm_source=buyme&utm_medium=referral&utm_campaign=buyme_website_referral","0546713039","Online"
"Jiggeria","https://www.jiggeria.co.il/","054-7922926","In-store"
"JLY","https://jly.co.il//?utm_source=buyme&utm_medium=referral&utm_campaign=buyme_website_referral","052-2030379","Online"
"JO MALONE LONDON","https://www.jomalone.co.il/?utm_source=buyme&utm_medium=referral&utm_campaign=buyme_website_referral","03-7770888","In-store"
"John Boy","https://johnboytattoo.com/","0509021013","In-store"
"Joya","http://www.joya.co.il","5692*","In-store"
"Jrpole","https://www.jrpole.com/","0532836537","In-store"
"JUMP & ONOT","http://www.onot.co.il/?utm_source=buyme&utm_medium=referral&utm_campaign=buyme_website_referral","054-3366063","Online"
"Jusa Cold Pressed","https://www.jusa.co.il/?utm_source=buyme&utm_medium=referral&utm_campaign=buyme_website_referral","03-7305599","Online"
"Just Believe Jewelry","https://www.justbelievejewelry.com/?utm_source=buyme&utm_medium=referral&utm_campaign=buyme_website_referral","054-4534439","Online"
"Just-Meat","https://www.just-meat.co.il/?utm_source=buyme&utm_medium=referral&utm_campaign=buyme_website_referral","6867*","Online"
"JUV activewear","https://juv-activewear.co.il/?utm_source=buyme&utm_medium=referral&utm_campaign=buyme_website_referral","055-2729963","Online"
"KAB KEM","http://www.kabkem.com/","03-6889960","In-store"
"KAHIKO Swimwear","http://kahikoswimwear.co.il?utm_source=buyme&utm_medium=referral&utm_campaign=buyme_website_referral","03-7959479","In-store"
"Kalamata","http://www.kalamata.co.il/","03-6819998","In-store"
"Kedem Spa","https://kedemspahouse.com/?utm_source=buyme&utm_medium=referral&utm_campaign=buyme_website_referral","077-3034070","In-store"
"KFC","https://www.kfc.co.il/","0737770900","In-store"
"KIKO MILANO","https://www.kikocosmetics.co.il/?utm_source=buyme&utm_medium=referral&utm_campaign=buyme_website_referral","08-9139052","Online"
"KIPULIM","","052-637-0505","In-store"
"KITCHENEAT","https://kitcheneat.com/he?utm_source=buyme&utm_medium=referral&utm_campaign=buyme_website_referral","0523716071","Online"
"KOA","https://yourkoa.co.il/","052-5712345","In-store"
"KoH Thai  - התאילנדית בסמילנסקי","https://koh-thai.co.il/?utm_source=buyme&utm_medium=referral&utm_campaign=buyme_website_referral","08-6654854","In-store"
"KUALA","https://kualastyle.com/?utm_source=buyme&utm_medium=referral&utm_campaign=buyme_website_referral","03-7157575","Online"
"KUMI","https://ku-mi.com/?utm_source=buyme&utm_medium=referral&utm_campaign=buyme_website_referral","054-6948872","Online"
"KUNI","https://kuni.co.il/?utm_source=buyme&utm_medium=referral&utm_campaign=buyme_website_referral","0506114141","Online"
"L.RAPHAEL by Ronit Raphael","https://beautyspa-jaffa.com/?utm_source=buyme&utm_medium=referral&utm_campaign=buyme_website_referral","037785633","In-store"
"L'OCCITANE","https://il.loccitane.com/?utm_source=buyme&utm_medium=referral&utm_campaign=buyme_website_referral","035569560","Online"
"La maison du savon","https://www.bytomweiss.com/?utm_source=buyme&utm_medium=referral&utm_campaign=buyme_website_referral","03-3752232","Online"
"LA MONTIA","https://la-montia.co.il/","054-5538581","In-store"
"Laguna Sea Sports","https://www.laguna.co.il/?srsltid=AfmBOoqEXEp83rtzkDVVNqYMGEI5-Vhj09yVdgIYaMsDRx8iG60tRHyE","054-441-8611 / 054-350-4686","In-store"
"LAKE TLV","https://www.laketlv.co.il/","03-7391168","In-store"
"Laline","http://www.laline.co.il","039051740  ","Online"
"LALUN חופשות בישראל","https://club.lalun.com/?clubKey=57PbP5eQmFDzqHMqEqEa&utm_source=buyme&utm_medium=referral&utm_campaign=buyme_website_referral","055-268-4649","Online"
"LAMER","https://la-mer.co.il/?utm_source=buyme&utm_medium=referral&utm_campaign=buyme_website_referral","07-23940528","Online"
"LASTER","http://www.laster-design.com/?utm_source=buyme&utm_medium=referral&utm_campaign=buyme_website_referral","03-5167186","Online"
"Lavic","https://he.lavicspasalon.com/","077-4322814","In-store"
"LE- house of asia","https://www.le-houseofasia.com/","03-7718555","In-store"
"LEE","https://leejeans.co.il/?utm_source=buyme&utm_medium=referral&utm_campaign=buyme_website_referral","054-9490365","Online"
"Lee Cooper","https://www.leecooper.co.il/?utm_source=buyme&utm_medium=referral&utm_campaign=buyme_website_referral","03-9590512","Online"
"lee cooper kids","https://www.leecooper.co.il/leecooper-kids","03-9590512","In-store"
"Legal Outfit","https://www.legaloutfit.co.il/en?utm_source=buyme&utm_medium=referral&utm_campaign=buyme_website_referral","077-7660931","Online"
"Legenda","https://www.leggenda.co.il/","050-8195645","In-store"
"Leo & Cubs","http://leoandcubs.com/?utm_source=buyme&utm_medium=referral&utm_campaign=buyme_website_referral","0507895983","Online"
"LEO ספא","https://villaspa.co.il/","08-9999975","In-store"
"LEOBUS","https://www.leobus.co.il/","058-7457390","In-store"
"Leonidas","https://leonidas.co.il/?utm_source=buyme&utm_medium=referral&utm_campaign=buyme_website_referral","09-9505313","Online"
"LiatK-בית של אנרגיות טובות","https://www.liatkstore.com/?utm_source=buyme&utm_medium=referral&utm_campaign=buyme_website_referral","054-4420065","Online"
"LIDOR BAR","https://www.lidorbar.com/?utm_source=buyme&utm_medium=referral&utm_campaign=buyme_website_referral","0559648775","Online"
"lilibloom","https://lilibloom.co.il/?utm_source=buyme&utm_medium=referral&utm_campaign=buyme_website_referral","035200045","Online"
"Lilush box","https://www.lilushbox.com/"," 052-9401555","In-store"
"LILY ROSE","https://lilyrosenatural.com/?utm_source=buyme&utm_medium=referral&utm_campaign=buyme_website_referral","0584048441","Online"
"Liminal","https://liminal.co.il/?srsltid=AfmBOorh7zyI-F4msnWnj8Ph-RKCvKteNN590WCasQkY6Iia3aChKx22/?utm_source=buyme&utm_medium=referral&utm_campaign=buyme_website_referral","0504867770","Online"
"Linenz","http://www.linenzzz.com?utm_source=buyme&utm_medium=referral&utm_campaign=buyme_website_referral","0528924924","Online"
"LIVERE","","054-8884875","In-store"
"Login Hotels","https://loginnhotels.com/he","053-7772860","In-store"
"LOL ART","https://www.lol-art.com/","052-3301222","In-store"
"LONGCHAMP","https://chozen.co.il/brands/brand/longchamp.html","073-2695650","In-store"
"LOOCO","https://looco.co.il/","0548952046","In-store"
"LORD TICKETS","https://lordtickets.com/?utm_source=buyme&utm_medium=referral&utm_campaign=buyme_website_referral","073-7027211","Online"
"Lorens","https://lorens.co.il/?utm_source=buyme&utm_medium=referral&utm_campaign=buyme_website_referral","03-6771505","Online"
"lost","https://lo-st.co.il/","058-6777333","In-store"
"LULU Baby","https://baby-lulu.com/?utm_source=buyme&utm_medium=referral&utm_campaign=buyme_website_referral","054-2469428","Online"
"LULU VINTAGE","https://lulu-vintage.com/","052-8222837","In-store"
"LUNEL","https://www.facebook.com/%D7%9E%D7%A0%D7%97%D7%9D-Menachem-109918654482624/","077-9800339","In-store"
"M32","https://m32.co.il/?utm_source=buyme&utm_medium=referral&utm_campaign=buyme_website_referral","097603728","In-store"
"MAC","https://www.maccosmetics.co.il/?utm_source=buyme&utm_medium=referral&utm_campaign=buyme_website_referral","03-7770888","In-store"
"magnolia","https://www.magnolia.co.il/?utm_source=buyme&utm_medium=referral&utm_campaign=buyme_website_referral","09-7687606","In-store"
"Maika","https://www.ourmaika.com/?utm_source=buyme&utm_medium=referral&utm_campaign=buyme_website_referral","055-5583125","Online"
"MAIYAN CERAMIC","https://maiyanceramic.com/?utm_source=buyme&utm_medium=referral&utm_campaign=buyme_website_referral","0542454825","Online"
"malaya kids","https://www.malaya.co.il/","03-9099885","In-store"
"MamaGreg","https://gregcafe.co.il/greg-group/mama//?utm_source=buyme&utm_medium=referral&utm_campaign=buyme_website_referral","1-700-70-44-07","In-store"
"MANGO","","0000","In-store"
"Mantra","https://our-mantra.com/?utm_source=buyme&utm_medium=referral&utm_campaign=buyme_website_referral","099517138","Online"
"Marley","https://houseofmarley.co.il/?utm_source=&utm_medium=&utm_campaign=","0732470759","In-store"
"Marmor House","https://marmor-house.co.il/?utm_source=buyme&utm_medium=referral&utm_campaign=buyme_website_referral","050-7304857","Online"
"Mashya","https://www.mashya.co.il/he//?utm_source=buyme&utm_medium=referral&utm_campaign=buyme_website_referral","03-7500999","In-store"
"MASKIT","https://maskit.com/","03-6884004","In-store"
"Matteo","https://matteo.co.il/","03-9383433","In-store"
"MAYER HOUSE - HOTEL & SPA","https://mayer-house.com/he/","073-3808210","In-store"
"medical spa center","https://www.facebook.com/medicalspacenterBS/?locale=he_IL","0552726606","In-store"
"Mekimi","https://mekimi.co.il/?utm_source=buyme&utm_medium=referral&utm_campaign=buyme_website_referral","054-4247333 ווטסאפ בלבד ","In-store"
"MEN BY NORI","https://missnori.com/collections/menbynori?srsltid=AfmBOoqtF-G68jZ-tnWoFfosmWyI_frw-MnJHzNXpKUaMl-e361unM7E&utm_source=buyme&utm_medium=referral&utm_campaign=buyme_website_referral","03-5410000","Online"
"MENT TO DRIVE","https://www.menttodrive.com/","0529452664","In-store"
"mermaids house","https://customers.dibs-app.com/business-page/685a6806dfe5549abcb471a0","052-638-8961","In-store"
"MEY JEWELRY","https://www.mey-jewelry.com/","0509552232","In-store"
"MEZE","https://www.facebook.com/MEZE.NAHARIYA","077-5051570","In-store"
"Mia Inspiration","https://www.miainspiration.com/","08-9380937","In-store"
"MICHAELI","","-","In-store"
"MIMI VAZA - משלוחי פרחים ומארזים","https://www.facebook.com/vaza.co.il","*6561","In-store"
"Minded – House of Wellness","https://minded-wellness.com/","055-8865554","In-store"
"Minene","http://www.minene.net/?utm_source=buyme&utm_medium=referral&utm_campaign=buyme_website_referral","09-9549979 ","Online"
"MINISO","https://www.miniso.co.il/","-","In-store"
"MIRZA","https://mirza-il.co.il/contact/","054-6322524","In-store"
"MISHKA","https://www.facebook.com/MishkaWatch/","053-4743384","Online"
"Miss Nori","https://missnori.com/?utm_source=buyme&utm_medium=referral&utm_campaign=buyme_website_referral","03-5410000","Online"
"Mixta","https://www.mixtacocktails.com/book","050-3061006","In-store"
"MOBICELL","https://mobicell.co.il/","054-9840984","In-store"
"MOBILITY BRANDS","https://www.pumba.co.il/","03-7770800","In-store"
"Modibodi","https://modibodi.co.il/?utm_source=buyme&utm_medium=referral&utm_campaign=buyme_website_referral","052-695-0317","Online"
"MOKAYA","http://www.mokaya.co.il/","054-7000000","In-store"
"MOLET","http://www.molet.org/","054-8818148","In-store"
"moments ריטריטים","https://lifemoments.co.il/","054-4922793","In-store"
"Mommysport","https://mommysport.co.il/","052-346-5478","In-store"
"MON'E תכשיטים","https://mone-official.com/?utm_source=buyme&utm_medium=referral&utm_campaign=buyme_website_referral","0502225855","Online"
"Monte Black","https://monteblack.co.il/?utm_source=buyme&utm_medium=referral&utm_campaign=buyme_website_referral","054-2290748","Online"
"Mor for your baby","https://morforyourbaby.co.il/?utm_source=buyme&utm_medium=referral&utm_campaign=buyme_website_referral","053-3741417","In-store"
"MORAN GIL CAKERY","https://www.morangil.com/","077-4540065","In-store"
"MORE FOOD","https://morefoodshop.com//?utm_source=buyme&utm_medium=referral&utm_campaign=buyme_website_referral","054-7153600","Online"
"Motion Lab","https://motionlab.co.il/?utm_source=&utm_medium=&utm_campaign=","0524224042","Online"
"movement","https://movement4life.co.il/","074-7008667","In-store"
"MOY","https://hellomoy.com/?utm_source=buyme&utm_medium=referral&utm_campaign=buyme_website_referral","054-8867728","Online"
"Mr. Pretzels","https://www.mrpretzels.co.il/","https://www.mrpretzels.co.il/contactus","In-store"
"MR.BUN BURGER","http://www.mrbunburger.co.il/?utm_source=buyme&utm_medium=referral&utm_campaign=buyme_website_referral"," 077-362-8388","In-store"
"MULTI BRANDS","","0733808380","In-store"
"MUZA","https://muzacocktails.co.il/?utm_source=buyme&utm_medium=referral&utm_campaign=buyme_website_referral","03-6390301","Online"
"MY BABY","https://mybaby.co.il/home/","04-9563336","In-store"
"My Medi","https://mymedi.co.il/","‭052-9770824","In-store"
"My Winery","https://www.my-winery.co.il/","077-3441808","In-store"
"MysticRoom","http://mysticroom.co.il/","03-6165446","In-store"
"NAAMAN","https://www.naamanp.co.il/?utm_source=buyme&utm_medium=referral&utm_campaign=buyme_website_referral","073-2111446","Online"
"Naaman & Vardinon","https://www.naamanp.co.il/?utm_source=buyme&utm_medium=referral&utm_campaign=buyme_website_referral","073-2111446","Online"
"NAGISA","https://nagisasushi.co.il/?utm_source=buyme&utm_medium=referral&utm_campaign=buyme_website_referral","077-7000333","In-store"
"Nanobebe","https://nanobebe.co.il//?utm_source=buyme&utm_medium=referral&utm_campaign=buyme_website_referral","072-3952520","Online"
"napo","https://www.napo.co.il/?utm_source=buyme&utm_medium=referral&utm_campaign=buyme_website_referral","03746666","Online"
"NAUTICA","https://www.nautica.co.il/?utm_source=buyme&utm_medium=referral&utm_campaign=buyme_website_referral","077-9577-083","Online"
"Neta Efrati","https://netaefrati.com/?utm_source=buyme&utm_medium=referral&utm_campaign=buyme_website_referral","054-2518809","Online"
"NEW ERA","https://neweracap.co.il/?utm_source=buyme&utm_medium=referral&utm_campaign=buyme_website_referral","03-913-0426","Online"
"NEWTON","https://newtons.co.il/?utm_source=buyme&utm_medium=referral&utm_campaign=buyme_website_referral","0543990600","Online"
"NEXTHEAT","https://nextheat.co.il/?utm_source=buyme&utm_medium=referral&utm_campaign=buyme_website_referral","072-3307091 ","Online"
"Nike","https://www.nike.com/il/?cp=97024810271_search_&Macro=-%D7%A0%D7%99%D7%99%D7%A7%20%D7%99%D7%A9%D7%A8%D7%90%D7%9C-g-10581748954-112481539367-e-c-IL-extended-463617282478-kwd-326044013230-1007999&dplnk=member&ds_rl=1252249&gad_source=1&gad_campaignid=10581748954&gbraid=0AAAAADq9vlMceK8mlTcDXZ7hGG0P3wghC&gclid=Cj0KCQjwotDBBhCQARIsAG5pinMnbQf8J6tIwQgZTf5iUdrPkV-RRznIhXardVbYX3tkSAO-hdlME1kaAp1TEALw_wcB&gclsrc=aw.ds/utm_source=buyme&utm_medium=referral&utm_campaign=buyme_website_referral","03-5784142","In-store"
"NINE WEST","https://www.nine-west.co.il/?utm_source=buyme&utm_medium=referral&utm_campaign=buyme_website_referral","1-700-708-150","Online"
"Noam Outdoors","https://noam-outdoors.co.il/","0559935714","In-store"
"NOFAR MOR","https://www.google.com/search?q=nofarmor.online&client=safari&hs=nWj9&sca_esv=d33f661f42c9ee99&hl=en-il&ei=44hSaYLvBLm29u8P8JisqQ4&oq=%D7%A0%D7%95%D7%A4%D7%A8+%D7%9E%D7%95%D7%A8+%D7%9B%D7%AA%D7%95%D7%91%D7%AA+%D7%90%D7%AA%D7%A8&gs_lp=EhNtb2JpbGUtZ3dzLXdpei1zZXJwIiHXoNeV16TXqCDXnteV16gg15vXqteV15HXqiDXkNeq16gyBRAhGKABMgUQIRigATIFECEYnwUyCBAAGIAEGKIEMgUQABjvBTIFEAAY7wUyBRAAGO8FSKkSUOwEWOQPcAJ4AZABAJgBzgGgAe8NqgEFMC45LjG4AQPIAQD4AQGYAgugAqgNwgIKEAAYsAMY1gQYR8ICBxAAGIAEGBPCAgYQABgWGB7CAggQABgWGAoYHsICBBAhGBWYAwCIBgGQBgiSBwUyLjcuMqAHjC2yBwUwLjcuMrgHiQ3CBwkwLjEuNy4yLjHIB0qACAA&sclient=mobile-gws-wiz-serp&mstk=AUtExfCGN4p27k8PiQG0t6WU3TO70YJDZ78NHWntwg99jVyVGZ8IBpZp4eOc7PWILQfecihFAl_7Z2pmCnfC31RtRizwuq-9ajr9VI_gVXE_DkgKIUYHADivH1It4xJVwOIpey4&csui=3&ved=2ahUKEwiE7bWR-uKRAxUnm_0HHQsLGmsQgK4QegQIARAB&utm_source=buyme&utm_medium=referral&utm_campaign=buyme_website_referral","info@nofarmor.online","Online"
"NOLA American Bakery","https://www.nola-b.co.il/","03-5230527","In-store"
"noonebetter","https://noonebetter.com/?utm_source=buyme&utm_medium=referral&utm_campaign=buyme_website_referral","0503336622","Online"
"Noor Glamping","https://noorglamping.co.il/","0506598254","In-store"
"noovi","https://noovi.co/?utm_source=buyme&utm_medium=referral&utm_campaign=buyme_website_referral","052-4218507","Online"
"NORI KIDS","https://missnori.com/collections/kids-collection?srsltid=AfmBOooG4KL9InqTv-rGDbmTfFK4SjwqBza_wbK-hZe5mE7YSytUdxAc&utm_source=buyme&utm_medium=referral&utm_campaign=buyme_website_referral","03-5410000","Online"
"NORITAMY","https://www.noritamy.co.il/he-il/?utm_source=buyme&utm_medium=referral&utm_campaign=buyme_website_referral","0776450860","Online"
"Novarun","https://www.facebook.com/novarunnigschool","0542223465","In-store"
"O Lingerie","http://www.o-lingerie.co.il/?utm_source=buyme&utm_medium=referral&utm_campaign=buyme_website_referral","0542004873","Online"
"OFEK WOODI","https://woodiproducts.net/","0772303556","In-store"
"ofiyaa israel","https://ofiyaa-israel.com/?utm_source=buyme&utm_medium=referral&utm_campaign=buyme_website_referral","052-204-7906","Online"
"OH MY BOX","https://ohmybox.co.il/","055-2973971","In-store"
"OKINAWA","https://okinawatlv.co.il/?utm_source=buyme&utm_medium=referral&utm_campaign=buyme_website_referral","03-5101099","Online"
"Oliere Paris","https://oliere-paris.eu/?utm_source=buyme&utm_medium=referral&utm_campaign=buyme_website_referral","054-8777768","Online"
"On.Tour by Issta Sport","https://ontour.co.il/?utm_source=buyme&utm_medium=referral&utm_campaign=buyme_website_referral","036299734","In-store"
"ONAMI","http://onami.co.il/","03-5621172","In-store"
"ONLY'S BEAUTY","https://www.onlys.co.il/beauty?utm_source=buyme&utm_medium=referral&utm_campaign=buyme_website_referral","1-800-20-10-42","Online"
"Oomai Urban Sushi","https://www.oomai-tlv.co.il/","03-6777828","In-store"
"OPA! skyfield","https://opa.world/?utm_source=google&utm_medium=cpc&utm_campaign=brand&gad_source=1&gad_campaignid=22893070507&gbraid=0AAAABA9W2OjC_3KdPKCVXCcII7XeikdQu&gclid=Cj0KCQjwhsrUBhDxARIsAN3AQSegGQu3UDbywNYYGAVpqeQClmpAO02ofMtwMjgKUn5QZZ7jj7Mpm-EaAuvIEALw_wcB/?utm_source=buyme&utm_medium=referral&utm_campaign=buyme_website_referral","058-6607717","Online"
"orea","https://www.orea.co.il/?utm_source=buyme&utm_medium=referral&utm_campaign=buyme_website_referral"," 1-700-552-523 ","In-store"
"organic zone","https://ecolove.co.il/?utm_source=buyme&utm_medium=referral&utm_campaign=buyme_website_referral","0776262360","Online"
"OTILYAS","https://otilyas.com/he/?utm_source=buyme&utm_medium=referral&utm_campaign=buyme_website_referral","054-7829289","Online"
"Outdoor","https://outdoorrevolution.co.il/?utm_source=buyme&utm_medium=referral&utm_campaign=buyme_website_referral","0","Online"
"outline","https://www.outline.co.il/?utm_source=buyme&utm_medium=referral&utm_campaign=buyme_website_referral","04-6767640","In-store"
"owlet care","https://www.owletcare.co.il/?utm_source=buyme&utm_medium=referral&utm_campaign=buyme_website_referral","0542502601","Online"
"Paint Pub","https://www.paintpub.co.il/","054-9730938","In-store"
"PALMERS","https://palmers.co.il/?utm_source=buyme&utm_medium=referral&utm_campaign=buyme_website_referral","0543401151","Online"
"PALPHOT","https://palphot.co.il/?utm_source=buyme&utm_medium=referral&utm_campaign=buyme_website_referral","0526068617","Online"
"Par Derriere","https://www.parderriere.co.il/","03-6292111","In-store"
"PARAPLU","https://www.facebook.com/paraplu.art/","054-4889949","Online"
"PASEO- מסעדת רופטופ על הים","https://paseo.co.il/","0506654943","In-store"
"Pasta Della Casa","https://pastadellacasa.com/?utm_source=buyme&utm_medium=referral&utm_campaign=buyme_website_referral","055-3039011","Online"
"Pastel","http://www.pastel-tlv.com/","03-6447441","In-store"
"pecka'le","https://peckale.com/?gclid=EAIaIQobChMI_LaL-JPh4wIVB0TTCh1kjwqqEAAYASAAEgLlyPD_BwE","052-8828199","In-store"
"PELLE by shelly gafni","https://pelle-sg.co.il/?utm_source=buyme&utm_medium=referral&utm_campaign=buyme_website_referral","037711484","Online"
"Pelle Gift","https://pellegift.co.il/?utm_source=buyme&utm_medium=referral&utm_campaign=buyme_website_referral","0506591030","Online"
"PETEAT","https://peteat.co.il/?utm_source=buyme&utm_medium=referral&utm_campaign=buyme_website_referral","054-2232992","Online"
"Petit Loup","https://petitloup.co.il/?utm_source=&utm_medium=&utm_campaign=","055-7127798","Online"
"Pha Design","https://shop.phadesign.co/?utm_source=buyme&utm_medium=referral&utm_campaign=buyme_website_referral","052-4695996","Online"
"Philadelphia","https://www.philadelphia.co.il/?utm_source=buyme&utm_medium=referral&utm_campaign=buyme_website_referral","03-6930606","Online"
"Picabook","https://www.picabook.co.il/?cid=buyme&utm_source=buyme&utm_medium=referral&utm_campaign=buyme_website_referral","03-6224443","Online"
"PicCell - צילום בסמארטפון","http://www.piccell.co.il","072-3300595","In-store"
"Picnic","https://picnic.co.il/?utm_source=buyme&utm_medium=referral&utm_campaign=buyme_website_referral","055-9874948","Online"
"piece of nature","https://www.piece-of-nature.com/?utm_source=buyme&utm_medium=referral&utm_campaign=buyme_website_referral","0533014784","Online"
"PITZ surf & explore","https://www.surf-explore.com/","050-6724500","In-store"
"Playground Restaurant","https://www.playgroundtlv.co.il/","050-3546743","In-store"
"PlaySmart","https://play-smart.co.il/?utm_source=buyme&utm_medium=referral&utm_campaign=buyme_website_referral","08-9359935","Online"
"POLGAT","http://www.golfco.co.il/","03-6451515","In-store"
"Pomo","https://pomo-italiano.co.il","039225320","In-store"
"POP & POPE","https://www.popandpope.com/?utm_source=buyme","03-6043239","In-store"
"POPSI","https://www.popsi.co.il/","054-4671029","In-store"
"Poupe'e","https://poupeetlv.co.il/","077-230-2777","In-store"
"POWER HOUSE","https://www.instagram.com/power_house_studio?igsh=NmphaXEzYm02bmo3&utm_source=qr","054-5640404","In-store"
"Pozitive","https://www.carpetshop.co.il/?utm_source=buyme&utm_medium=referral&utm_campaign=buyme_website_referral","053-3939371","Online"
"Pretty Ballerinas","https://www.prettyballerinas.co.il/?utm_source=buyme&utm_medium=referral&utm_campaign=buyme_website_referral","058-5925620 ","Online"
"PROMISE","https://promise-cosmetics.co.il/?utm_source=buyme&utm_medium=referral&utm_campaign=buyme_website_referral","03-6528787","Online"
"Puppy Yoga","https://puppy-yoga-telaviv.co.il/","0542279723","In-store"
"PURE","http://www.purepilates.co.il/","050-7177371","In-store"
"QUESTAIR","https://www.questair.co.il/?utm_source=google&utm_medium=cpc&utm_campaign=&gad_source=1&gad_campaignid=20969521183&gbraid=0AAAAADMUCPRNE9JsIqKPHOPTT7if7bWNY&gclid=CjwKCAjw-rTUBhAiEiwADv8gBHTYTCy3Aq7GdFBFj5ICfL0fZi3A9wnRqDZGfIuSdK2b4GDIR0GqrxoCjIQQAvD_BwE&utm_source=buyme&utm_medium=referral&utm_campaign=buyme_website_referral","0584119301","In-store"
"QUESTLINE","https://questlineisrael.co.il/index.php/he/","054-7275667","In-store"
"Quiksilver","http://www.boardshop.co.il/","039051740  ","In-store"
"R.D.T COSMETICS","","0523518510","In-store"
"Radler","https://radlertlv.com/?utm_source=buyme&utm_medium=referral&utm_campaign=buyme_website_referral","03-7283830","In-store"
"Rain Drop Spa","https://www.raindropspa.co.il/","03-9459999","In-store"
"raven","https://raven.co.il/?utm_source=buyme&utm_medium=referral&utm_campaign=buyme_website_referral","073-3322255","Online"
"RAY","https://sites.google.com/view/rayinwater/home","050-6666963","In-store"
"Redefine Hair","https://redefine-hair.com/?utm_source=buyme&utm_medium=referral&utm_campaign=buyme_website_referral","0549702030","Online"
"ReFresh","https://www.refresh-market.co.il/","077-5141600","In-store"
"REPLAY","https://replayjeans.co.il/?utm_source=buyme&utm_medium=referral&utm_campaign=buyme_website_referral","074-7695903","Online"
"RESET","https://www.reset.org.il/?utm_source=buyme&utm_medium=referral&utm_campaign=buyme_website_referral","055-306-2166","In-store"
"Rev Optic","https://www.revoptic.store/?utm_source=buyme&utm_medium=referral&utm_campaign=buyme_website_referral","052-5009920","Online"
"Rip Curl","https://ripcurl.co.il/?srsltid=AfmBOoqVQrpliJloXZzSN4KH1gF0JaO2gD4Nv3sllnOkMmtkBRgdDeOn/?utm_source=buyme&utm_medium=referral&utm_campaign=buyme_website_referral","0537183369","In-store"
"RONEN CHEN","https://ronenchen.co.il//?utm_source=buyme&utm_medium=referral&utm_campaign=buyme_website_referral","03-5188433","Online"
"Roomi","https://www.roomi.co.il/?utm_source=buyme&utm_medium=referral&utm_campaign=buyme_website_referral","0559422988","Online"
"Roy Chocolate","https://www.roychocolate.co.il/?utm_source=buyme&utm_medium=referral&utm_campaign=buyme_website_referral","054-2800770","Online"
"Ruby","https://rubytelaviv.com/he/%D7%94%D7%96%D7%9E%D7%99%D7%A0%D7%95-%D7%A2%D7%9B%D7%A9%D7%99%D7%95/?check_in=%D7%AA%D7%90%D7%A8%D7%99%D7%9A%20%D7%94%D7%92%D7%A2%D7%94&check_out=%D7%AA%D7%90%D7%A8%D7%99%D7%9A%20%D7%A2%D7%96%D7%99%D7%91%D7%94&adults=2","050-7851505","In-store"
"RUBY BAY","http://www.yanga.com/",".039051740  ","In-store"
"RUGSIL","https://rugsil.co.il/?utm_source=buyme&utm_medium=referral&utm_campaign=buyme_website_referral","035136185","Online"
"S-wear","https://www.s-wear.co.il/?utm_source=buyme&utm_medium=referral&utm_campaign=buyme_website_referral","1-800-30-40-50","In-store"
"SABON","https://www.sabon.co.il/he/","03-3766663","In-store"
"sagit jewelry","http://www.sagitjewelry.co.il/","052-3518991","In-store"
"Salomon","https://salomonsports.co.il/?utm_source=buyme&utm_medium=referral&utm_campaign=buyme_website_referral","0545608493","Online"
"SAM EDELMAN","https://www.globalonline.co.il/brands/sam-edelman?gad_source=1&gad_campaignid=22680014046&gbraid=0AAAAACKoOz9ITWkR_9I-KyHDwgYyOG6fq&gclid=Cj0KCQjwmYzIBhC6ARIsAHA3IkQGSR3ycHOm8d2EO7rPObYC1VUntOVfmO5BjdKYo3dwdmMrOJ3osvoaAmAjEALw_wcB","054-4455316","In-store"
"SANANDO","https://www.sanando.co.il/?srsltid=AfmBOoowQitmJQ9UdPzeQ86oI0bYwBj5C33eAMwAPuAH251G4h9d1Ee8&utm_source=&utm_medium=&utm_campaign=","0545883099","In-store"
"Saucony","https://www.saucony.co.il/?utm_source=buyme&utm_medium=referral&utm_campaign=buyme_website_referral","6922*","In-store"
"SCOTCH & SODA","https://storyonline.co.il/?utm_source=buyme&utm_medium=referral&utm_campaign=buyme_website_referral","03-9112328","Online"
"Sea Time","http://www.sea-time.co.il/","03-7260500","In-store"
"Sebastian","https://www.sebastian.co.il/?utm_source=buyme&utm_medium=referral&utm_campaign=buyme_website_referral","09-9513939","Online"
"SEBOCALM","https://www.sebocalm.co.il/?utm_source=buyme&utm_medium=referral&utm_campaign=buyme_website_referral","03-6911688","Online"
"SECOND","https://second.co.il/?utm_source=buyme&utm_medium=referral&utm_campaign=buyme_website_referral","03-5344610","Online"
"SELAS","https://selas.co.il/?utm_source=buyme&utm_medium=referral&utm_campaign=buyme_website_referral","03-9653565","In-store"
"SELFISH","http:// http://www.selfish.store/?utm_source=buyme&utm_medium=referral&utm_campaign=buyme_website_referral ","0584855452","Online"
"SEQUOIA","https://sequoialipo.com/he-il?utm_source=buyme&utm_medium=referral&utm_campaign=buyme_website_referral","9483*","Online"
"Set Up","https://setupisrael.co.il/","054-4923537","In-store"
"SHAK IT","https://shak-it.co.il/?utm_source=&utm_medium=&utm_campaign=","0507774737","Online"
"Shaka","https://www.shakacocktail.com/?utm_source=buyme&utm_medium=referral&utm_campaign=buyme_website_referral","0534288357","Online"
"SHANI BAR","https://shanibar.com/?utm_source=buyme&utm_medium=referral&utm_campaign=buyme_website_referral","077-6260343","Online"
"Shape Patissier- By Tamar Shilon","https://www.tamarshilon.com/?utm_source=buyme&utm_medium=referral&utm_campaign=buyme_website_referral","0524881818","Online"
"ShareSpa-  מלון Herods ת""א","https://sharespa.co.il/herodstlv/?utm_source=buyme&utm_medium=referral&utm_campaign=buyme_website_referral","073-7947940","Online"
"ShareSpa-  מלון NYX הרצליה","https://sharespa.co.il/nyxherzliya/?utm_source=buyme&utm_medium=referral&utm_campaign=buyme_website_referral","073-7947940","Online"
"ShareSpa- אתר אונליין","https://sharespa.co.il/?utm_source=buyme&utm_medium=referral&utm_campaign=buyme_website_referral","073-7947940","Online"
"ShareSpa- מלון Gordon Beach ת""א","https://sharespa.co.il/arttlv/?utm_source=buyme&utm_medium=referral&utm_campaign=buyme_website_referral","073-7947940","Online"
"ShareSpa- מלון Herods הרצליה","https://sharespa.co.il/herodsherzliya/?utm_source=buyme&utm_medium=referral&utm_campaign=buyme_website_referral","073-7947940","Online"
"ShareSpa- מלון U Coral Beach אילת","https://sharespa.co.il/ueilat/?utm_source=buyme&utm_medium=referral&utm_campaign=buyme_website_referral","073-7947940","Online"
"SHAZLONG BY UNICO","https://www.shazlong.co.il/?utm_source=buyme&utm_medium=referral&utm_campaign=buyme_website_referral","054-8232914","Online"
"She-Ra Jewelry","https://www.she-ra-jewelry.com/?utm_source=buyme&utm_medium=referral&utm_campaign=buyme_website_referral","054-4557799","Online"
"SHEEPY","https://sheepyby.com/?utm_source=buyme&utm_medium=referral&utm_campaign=buyme_website_referral","055-2668888","In-store"
"Shiree Odiz","https://www.shireeodiz.co.il/?utm_source=buyme&utm_medium=referral&utm_campaign=buyme_website_referral","0543972810","Online"
"SHLOMIT ZIV ALVAS","https://www.facebook.com/shlomit.alvas?mibextid=wwXIfr&rdid=mxkCKVYzD1eou6z7&share_url=https%3A%2F%2Fwww.facebook.com%2Fshare%2F1Dhko979Qi%2F%3Fmibextid%3DwwXIfr#","054-7777910","In-store"
"Shoppu","https://shoppu.co.il/","03-5294814","In-store"
"SHOW OFF","https://www.facebook.com/showoffishoessrael/?locale=he_IL","1-700-70-78-79","In-store"
"SHUGIS","https://www.shugis.com/?utm_source=buyme&utm_medium=referral&utm_campaign=buyme_website_referral","055-3064083","Online"
"Signet Collection","https://signetcollection.co.il/he?utm_source=buyme&utm_medium=referral&utm_campaign=buyme_website_referral","054-9185371","Online"
"Silver Bell","https://www.silverbellbox.com/?utm_source=buyme&utm_medium=referral&utm_campaign=buyme_website_referral","03-7545255","Online"
"Simbioze","https://simbiozeamazonica.co.il/?utm_source=buyme&utm_medium=referral&utm_campaign=buyme_website_referral","050-2626293","Online"
"SIMMONS","https://simmons.co.il/?utm_source=buyme&utm_medium=referral&utm_campaign=buyme_website_referral","046638930","In-store"
"SIMPLE AS THAT","https://www.simpleasthat.co.il/?utm_source=buyme&utm_medium=referral&utm_campaign=buyme_website_referral","0503580574","Online"
"Sinta Bar","https://www.sinta-bar.co.il/?utm_source=buyme&utm_medium=referral&utm_campaign=buyme_website_referral","04-6661829","In-store"
"Slav&So | סריגה.יצירה.קהילה","https://www.slavandso.com/?utm_source=buyme&utm_medium=referral&utm_campaign=buyme_website_referral","055-7277370","Online"
"SLEEZY PIZZA","https://www.facebook.com/Pizza25tlv/?utm_source=buyme&utm_medium=referral&utm_campaign=buyme_website_referral","03-744-4022","Online"
"slowness - קיבוץ מורן","https://slow-ness.com/","04-8111030","In-store"
"SmartTour","https://smart-tour.co.il/","02-5618056","In-store"
"SMASH ROOM","https://smashroom.co.il/","055-3183214","In-store"
"SMEG","https://shop.smeg.co.il/?utm_source=buyme&utm_medium=referral&utm_campaign=buyme_website_referral","050-2897195","Online"
"Smoovee","https://smoovee-ltd.com/he/?utm_source=buyme&utm_medium=referral&utm_campaign=buyme_website_referral","055-7252943","Online"
"SOHO","https://www.sohocenter.co.il/?utm_source=buyme&utm_medium=referral&utm_campaign=buyme_website_referral","-","Online"
"Solog","http://sologkids.co.il/","03-9501875","In-store"
"Somek Winery","https://www.somek-winery.co.il/","050-5346491","In-store"
"SORA SPA","https://soraspa.co.il/","⁦ 054-763-7601⁩","In-store"
"SPA AKOYA","https://www.facebook.com/spa.massage.akoya?rdid=2Lefjobb7bhdJiBi&share_url=https%3A%2F%2Fwww.facebook.com%2Fshare%2F1DDKBd3PS8%2F#","050-670-5252","In-store"
"Spa My Touch","https://spamytouch.co.il/","0547876002","In-store"
"SPARADISE","https://sparadise.co.il/","074-7994444","In-store"
"Sparco","https://melamedmotorsport.co.il/?utm_source=buyme&utm_medium=referral&utm_campaign=buyme_website_referral","058-477-7393","In-store"
"speedo","https://speedo.co.il/","0732505050","In-store"
"Spicehaus Cocktails","https://ontopo.com/he/il/page/88698605?utm_source=ig&utm_medium=social&utm_content=link_in_bio&fbclid=PAZXh0bgNhZW0CMTEAc3J0YwZhcHBfaWQPOTM2NjE5NzQzMzkyNDU5AAGnqltmD5XkhmJeebWdBPCLm0z_ZOc4v7hrvEaSGsJaB6Sork7w2xKPSXI-zpQ_aem_DKlytEy1ELsJEGDfa66f9Q&utm_id=97760_v0_s00_e0_tv3&utm_source=&utm_medium=&utm_campaign=","03-5185904","Online"
"Spices Online","https://www.spicesonline.co.il/","1-700-500-611","In-store"
"Spotlight Podcasts","https://www.spotlightpods.com/","0533719391","In-store"
"Start Home","https://start-home.co.il/?utm_source=buyme&utm_medium=referral&utm_campaign=buyme_website_referral","0545433581","Online"
"STEVE MADDEN","https://stevemadden.co.il/?utm_source=buyme&utm_medium=referral&utm_campaign=buyme_website_referral","03-677799","Online"
"STORY","https://www.storyonline.co.il/?utm_source=buyme&utm_medium=referral&utm_campaign=buyme_website_referral","03-5330911","Online"
"Studio 51","https://www.studio51tlv.com/","050-792-9217","In-store"
"Studio Cheha","https://studiocheha.co.il/?utm_source=buyme&utm_medium=referral&utm_campaign=buyme_website_referral","054-5596700","Online"
"Studio Cotta","","0504321017","In-store"
"Studio happy","","0522272270","In-store"
"Stylish","https://studiostylish.co.il/","073-7773331","In-store"
"Sunglass Hut","https://www.instagram.com/sunglasshut.il//?utm_source=buyme&utm_medium=referral&utm_campaign=buyme_website_referral","03-9051740","In-store"
"Super Friends-מותגי אופנה מובילים","https://www.stepin.co.il/?utm_source=buyme&utm_medium=referral&utm_campaign=buyme_website_referral","1-700707879","In-store"
"SUPERDRY","https://chozen.co.il/brands/brand/superdry.html","073-2695650","In-store"
"Surf Club","https://www.surfclub.co.il/","04-8550183","In-store"
"Surf Club א.ד משוטים","http://www.mashotim.co.il/","077-5035024","In-store"
"SWAGG","https://swagg.co.il/?utm_source=buyme&utm_medium=referral&utm_campaign=buyme_website_referral","09-8919198","Online"
"sweetgirlshop","https://www.sweetgirlshop.co.il/","03-6838936","In-store"
"sweetime","https://sweetime.shop/?srsltid=AfmBOorZw9z0jATAzAbFCQjxx-WWkfsiUYIk6RLozsUHJ-N69LrSDtoy","08637727","In-store"
"SWEETWEET","https://sweetweet.co.il/?utm_source=buyme&utm_medium=referral&utm_campaign=buyme_website_referral","051-5005518","Online"
"SWING","https://www.swingfans.co.il/?utm_source=buyme&utm_medium=referral&utm_campaign=buyme_website_referral","072-3308580","Online"
"TAIZU","https://www.taizu.co.il/?utm_source=buyme&utm_medium=referral&utm_campaign=buyme_website_referral","03-5225005","In-store"
"TAKEANAP","https://takeanap.co.il/?utm_source=buyme&utm_medium=referral&utm_campaign=buyme_website_referral","0777001923","Online"
"TALADA","https://talada.co.il/?utm_source=buyme&utm_medium=referral&utm_campaign=buyme_website_referral","050-2906748","Online"
"TAURUS SMOKEHOUSE","https://www.milas.co.il/taurus-smokehouse?utm_source=buyme&utm_medium=referral&utm_campaign=buyme_website_referral","0732377027","In-store"
"TEL-A-VIN","https://www.telavin.co.il/","03-5665655","In-store"
"TERMINAL X","https://www.terminalx.com/women?utm_source=buyme&utm_medium=referral&utm_campaign=buyme_website_referral","03-7130000","Online"
"Terratiles studio","https://www.terratilestudio.com/","0552469090","In-store"
"TES- Leather Bags","https://tesbags.co.il/?utm_source=buyme&utm_medium=referral&utm_campaign=buyme_website_referral","0545264435","Online"
"TFU TFU","https://tfu-tfu.com/?utm_source=buyme&utm_medium=referral&utm_campaign=buyme_website_referral","0508478888","Online"
"ThaiTime","http://thai-time.co.il/index.html","09-8350334","In-store"
"The Black Box","https://blackboxtlv.com/?utm_source=buyme&utm_medium=referral&utm_campaign=buyme_website_referral","050-8800956","Online"
"The Children's Place","http://www.childrensplace.co.il/","03-9050214","In-store"
"The clean dot","https://thecleandot.com/?utm_source=buyme&utm_medium=referral&utm_campaign=buyme_website_referral","053-2062075 ","Online"
"The Cocktail Box","https://www.thecocktailbox.co.il/","052-6777079","In-store"
"THE GEORGE SPA","https://thegeorgetelaviv.com/he/wellness/?utm_source=buyme&utm_medium=referral&utm_campaign=buyme_website_referral ","055-4314045","In-store"
"The Grill Room TLV","https://www.thegrillroom.co.il/?utm_source=buyme&utm_medium=referral&utm_campaign=buyme_website_referral","03-5202427","In-store"
"The Gutman Hotel","https://www.thegutmanhotel.co.il/","073-3272272","In-store"
"The Line 9- אופנה נשים יומיומית","https://www.theline9.com","054-9405933","In-store"
"The Nest Shop","https://the-nest.shop/?utm_source=buyme&utm_medium=referral&utm_campaign=buyme_website_referral","055-9595899","Online"
"THE NORTH FACE","https://thenorthface.co.il/?utm_source=buyme&utm_medium=referral&utm_campaign=buyme_website_referral","0549192611","Online"
"The OM café","https://www.orenmeshi.co.il/mrinamorning?utm_source=&utm_medium=&utm_campaign=","08-6727171","In-store"
"The Savoy hotel tlv","https://savoyseaside.co.il/","03-6288886","In-store"
"The Schumacher Hotel","http://www.theschumacher.co.il/","04-8806070","In-store"
"THE Spa אינטרקונטיננטל ת""א","https://argamanspa.co.il/ ?utm_source=buyme&utm_medium=referral&utm_campaign=buyme_website_referral","052-9707710","In-store"
"Think and Drink","https://thinkdrink.co.il//?utm_source=buyme&utm_medium=referral&utm_campaign=buyme_website_referral","0559750950","In-store"
"TicketTeams","https://ticketeams.co.il/?utm_source=&utm_medium=&utm_campaign=","0559859519","In-store"
"TIKI- מותג אופנה לאנשים טובים","https://tiki.co.il/?utm_source=buyme&utm_medium=referral&utm_campaign=buyme_website_referral","072-3942081","Online"
"TIKTIK","https://www.tiktik-online.co.il/?utm_source=GOOGLEPPC&gclid=Cj0KCQjw0vWnBhC6ARIsAJpJM6efeLWUx1eCmfb9MDkrqatghZobQ6UPjudXc7epfgOQe3olroQNGMoaAk3tEALw_wcB","073-2726000","In-store"
"TIMBERLAND","https://www.timberland.co.il/?utm_source=buyme&utm_medium=referral&utm_campaign=buyme_website_referral","073-3808380","Online"
"Timothy Cafe","https://www.timothy.co.il/","03-5467869","In-store"
"TinyTap","https://www.tinytap.it/","-","In-store"
"toi.shop","https://www.toishop.co.il/?utm_source=buyme&utm_medium=referral&utm_campaign=buyme_website_referral","0506824106","Online"
"Tollman's dot","https://www.tollmansdot.co.il/?utm_source=buyme&utm_medium=referral&utm_campaign=buyme_website_referral","2483*","Online"
"ToneLine","http://tone-line.com/","050-8889733","In-store"
"TOPSEA","http://www.topsea.co.il/","050-4329001","In-store"
"TOPTEN","https://www.topten-fashion.com/","074-7661990","In-store"
"Torii","http://www.torii.co.il/","03-6204777","In-store"
"TOUS","https://chozen.co.il/brands/brand/tous.html","073-2695650","In-store"
"TOYS R US","https://toysrus.co.il/","1-700-70-45-70","In-store"
"Trek Market","https://trekmarket.co.il/?utm_source=buyme&utm_medium=referral&utm_campaign=buyme_website_referral","074-7008350","Online"
"TRES","https://trestlv.com/","073-7437277","In-store"
"TULA","https://tula-fashion.com/?utm_source=buyme&utm_medium=referral&utm_campaign=buyme_website_referral/","054-886-6276","Online"
"TULIP","https://www.tulipnatural.com/?utm_source=buyme&utm_medium=referral&utm_campaign=buyme_website_referral","03-6535555","Online"
"Under Armour","https://www.megasport.co.il/collections/under-armour/?utm_source=buyme&utm_medium=referral&utm_campaign=buyme_website_referral","1-700-70-50-40","In-store"
"Urban Giraffa","https://giraffa.me/?utm_source=buyme&utm_medium=referral&utm_campaign=buyme_website_referral","0537627700","Online"
"URBAN SPA TLV","https://urban-spa.co.il/","03-7760777","In-store"
"URBANICA","https://www.urbanica-wh.com/","077-6052641","In-store"
"USTABELLE","https://ustabelle.co.il/?utm_source=buyme&utm_medium=referral&utm_campaign=buyme_website_referral","054-7197020","Online"
"VALHALLA","https://www.valhalla-hos.com/?utm_source=buyme&utm_medium=referral&utm_campaign=buyme_website_referral","052-3755887","Online"
"VANIGLIA ICE CREAM","https://www.vaniglia.co.il/","office@vanigila.co.il","In-store"
"VANS","https://vans.co.il/?utm_source=buyme&utm_medium=referral&utm_campaign=buyme_website_referral","0549192611","Online"
"VARDINON","https://www.vardinon.co.il/?utm_source=buyme&utm_medium=referral&utm_campaign=buyme_website_referral","073-2111446","Online"
"VILEBREQUIN","https://www.globalonline.co.il/brands/vilebrequin?srsltid=AfmBOookudluPL9Ij7w21qsw9bZ3y-bdKVvCiDWaVei0pfDYl71iR46Q","054-4455316","In-store"
"Vintage Original","https://vintageoriginal.co.il/?utm_source=buyme&utm_medium=referral&utm_campaign=buyme_website_referral","050-4949751","Online"
"VIVINO באר שבע","https://www.vivino.co.il/?utm_source=buyme&utm_medium=referral&utm_campaign=buyme_website_referral","08-9790103","Online"
"VIVINO זיכרון יעקב","https://www.vivino.co.il/?utm_source=buyme&utm_medium=referral&utm_campaign=buyme_website_referral","04-8283000","Online"
"VIVINO חיפה","http://www.vivino.co.il/?utm_source=buyme&utm_medium=referral&utm_campaign=buyme_website_referral","04-8229454","Online"
"VIVINO כרמיאל","https://www.vivino.co.il/?utm_source=buyme&utm_medium=referral&utm_campaign=buyme_website_referral","04-883-4070","Online"
"VIVINO נתיבות","https://www.vivino.co.il/?utm_source=buyme&utm_medium=referral&utm_campaign=buyme_website_referral"," 08-627-2121","Online"
"VIVINO קריות","https://www.vivino.co.il/?utm_source=buyme&utm_medium=referral&utm_campaign=buyme_website_referral","04-8588040","Online"
"VIVINO ראשון לציון","https://www.vivino.co.il/?utm_source=buyme&utm_medium=referral&utm_campaign=buyme_website_referral","03-6550575","Online"
"VOLT swimwear","https://volt-il.com/?utm_source=buyme&utm_medium=referral&utm_campaign=buyme_website_referral","050-4060266","Online"
"Water.io","https://il.water.io/?utm_source=buyme&utm_medium=referral&utm_campaign=buyme_website_referral","058-5561221","Online"
"WE BAGS","https://we-bags.co.il/?utm_source=buyme&utm_medium=referral&utm_campaign=buyme_website_referral","052-2299402","Online"
"We Love Plants","https://wlovep.com/?utm_source=buyme&utm_medium=referral&utm_campaign=buyme_website_referral","0546828355","Online"
"WeShoes","https://weshoes.co.il/?utm_source=buyme&utm_medium=referral&utm_campaign=buyme_website_referral","03-6213033","In-store"
"west and spa אשדוד","https://argamanspa.co.il/ ","052-9707714","In-store"
"White Space","http://www.whitespace.co.il?utm_source=buyme&utm_medium=referral&utm_campaign=buyme_website_referral","03-5224559","Online"
"Winest store","https://the-winest.com/?utm_source=buyme&utm_medium=referral&utm_campaign=buyme_website_referral","058-7512552","Online"
"WLNS CLUB","https://www.wlnsclub.com/?fbclid=PAb21jcAN5fQ5leHRuA2FlbQIxMQBzcnRjBmFwcF9pZA81NjcwNjczNDMzNTI0MjcAAaerRMruFLA7NNaZtA-Lbh3fcKlUsBI4tRk3D4eZ7HJZdSTLGBztU9-lNaZICw_aem_boUU6x_3NwnmPnKTSFrpsQ","053-9586841","In-store"
"Woman- מהפיכת הטיפוח הביתי","https://womancosmetics.co.il/?utm_source=buyme&utm_medium=referral&utm_campaign=buyme_website_referral","052-3444217","Online"
"WORD by story","https://wordonline.co.il/","03-9112323","In-store"
"WORKER","https://www.worker.co.il/","072-3303298","In-store"
"WORLD8","https://buyme.world8.co.il/?utm_source=buyme&utm_medium=referral&utm_campaign=buyme_website_referral","03-9460460","Online"
"Wrangler","https://wranglerjeans.co.il/?utm_source=buyme&utm_medium=referral&utm_campaign=buyme_website_referral","054-9490365","Online"
"XI MOBILITY","https://xi-mobility.co.il/?utm_source=buyme&utm_medium=referral&utm_campaign=buyme_website_referral","8959*","Online"
"XRAY","https://xraytlv.com/?utm_source=buyme&utm_medium=referral&utm_campaign=buyme_website_referral","073-7864932","Online"
"YOLO","https://www.yoloshops.co.il/?utm_source=buyme&utm_medium=referral&utm_campaign=buyme_website_referral","0505996386","Online"
"YOOZ","https://yoozit.co/?utm_source=buyme&utm_medium=referral&utm_campaign=buyme_website_referral","050-401-9777","Online"
"YVES ROCHER","https://www.yvesrocher.co.il/?utm_source=buyme&utm_medium=referral&utm_campaign=buyme_website_referral","03-5554600","Online"
"ZEST","https://www.zest.co.il/","077-404-4314","In-store"
"Zionacafe","https://zionacafe.co.il/","08-8586565","In-store"
"ZMRM","https://zmrm.co.il/?utm_source=buyme&utm_medium=referral&utm_campaign=buyme_website_referral","0509192949","Online"
"ZO TLV","https://zotlv.co.il/","03-6218593","In-store"
"ZOHARA","https://zoharatights.co.il/","03-5189302","In-store"
"ZOMEE","https://zomee.co.il/?utm_source=buyme&utm_medium=referral&utm_campaign=buyme_website_referral","0559708339","Online"